PTS,Age,MP,FG,3P,3PA,eFG%,ORB,TOV,PF,TS%,weight
1021.0,27.0,2214.0,330.0,35.0,124.0,0.452,38.0,148.0,90.0,0.539,190.0
100.0,21.0,368.0,44.0,0.0,0.0,0.36700000000000005,26.0,25.0,44.0,0.379,257.0
1209.0,26.0,2556.0,413.0,162.0,404.0,0.5539999999999999,30.0,111.0,119.0,0.601,210.0
245.0,21.0,614.0,113.0,5.0,21.0,0.54,41.0,27.0,51.0,0.551,230.0
1562.0,22.0,3167.0,553.0,185.0,503.0,0.501,42.0,243.0,172.0,0.546,195.0
1457.0,27.0,2531.0,537.0,65.0,197.0,0.483,113.0,224.0,171.0,0.54,230.0
212.0,26.0,505.0,92.0,8.0,34.0,0.45299999999999996,12.0,37.0,66.0,0.474,235.0
2089.0,29.0,2902.0,767.0,116.0,306.0,0.61,81.0,270.0,126.0,0.649,250.0
818.0,26.0,2018.0,285.0,141.0,315.0,0.512,28.0,122.0,145.0,0.544,215.0
412.0,24.0,797.0,137.0,32.0,79.0,0.45799999999999996,16.0,51.0,71.0,0.52,214.0
518.0,29.0,1717.0,198.0,74.0,192.0,0.556,45.0,62.0,113.0,0.5720000000000001,225.0
143.0,25.0,282.0,50.0,24.0,50.0,0.62,17.0,17.0,26.0,0.647,210.0
1023.0,29.0,2349.0,387.0,82.0,203.0,0.499,21.0,157.0,134.0,0.542,200.0
195.0,24.0,565.0,76.0,12.0,39.0,0.539,38.0,27.0,72.0,0.5760000000000001,240.0
525.0,19.0,1897.0,173.0,41.0,118.0,0.46299999999999997,78.0,122.0,173.0,0.518,222.0
350.0,22.0,1245.0,138.0,12.0,37.0,0.488,25.0,59.0,97.0,0.528,230.0
693.0,23.0,2194.0,267.0,0.0,0.0,0.547,274.0,83.0,189.0,0.58,238.0
566.0,26.0,1638.0,234.0,0.0,1.0,0.535,190.0,73.0,122.0,0.574,255.0
34.0,24.0,171.0,13.0,3.0,11.0,0.337,4.0,18.0,16.0,0.34299999999999997,170.0
53.0,23.0,154.0,19.0,13.0,39.0,0.43200000000000005,6.0,8.0,14.0,0.44299999999999995,205.0
338.0,24.0,1301.0,126.0,56.0,155.0,0.45399999999999996,19.0,52.0,100.0,0.478,200.0
948.0,29.0,2338.0,338.0,152.0,378.0,0.5539999999999999,127.0,62.0,133.0,0.585,237.0
717.0,25.0,1433.0,303.0,1.0,1.0,0.5760000000000001,158.0,90.0,184.0,0.589,270.0
501.0,24.0,1573.0,207.0,18.0,105.0,0.39299999999999996,39.0,128.0,134.0,0.419,230.0
618.0,26.0,1651.0,218.0,132.0,318.0,0.562,25.0,76.0,107.0,0.58,215.0
1298.0,22.0,2687.0,514.0,0.0,4.0,0.486,236.0,234.0,190.0,0.527,265.0
488.0,20.0,1382.0,191.0,49.0,128.0,0.494,59.0,65.0,114.0,0.517,234.0
544.0,27.0,1449.0,233.0,0.0,3.0,0.642,128.0,34.0,102.0,0.66,210.0
1634.0,29.0,2851.0,512.0,212.0,547.0,0.516,55.0,225.0,211.0,0.578,205.0
1628.0,22.0,2730.0,578.0,157.0,378.0,0.532,55.0,186.0,146.0,0.583,193.0
161.0,27.0,491.0,71.0,0.0,0.0,0.436,57.0,36.0,77.0,0.467,260.0
37.0,24.0,150.0,15.0,0.0,0.0,0.517,11.0,9.0,28.0,0.5329999999999999,245.0
346.0,29.0,841.0,129.0,42.0,116.0,0.47200000000000003,20.0,66.0,70.0,0.508,161.0
1120.0,35.0,2126.0,379.0,117.0,344.0,0.466,20.0,113.0,122.0,0.529,200.0
123.0,23.0,267.0,43.0,10.0,34.0,0.414,5.0,18.0,27.0,0.45399999999999996,201.0
176.0,32.0,568.0,62.0,14.0,45.0,0.507,5.0,23.0,45.0,0.552,233.0
1463.0,24.0,2618.0,484.0,120.0,330.0,0.5,54.0,206.0,131.0,0.5670000000000001,226.0
628.0,29.0,1373.0,182.0,46.0,149.0,0.462,24.0,110.0,181.0,0.561,190.0
883.0,28.0,2189.0,318.0,120.0,304.0,0.579,99.0,75.0,154.0,0.603,215.0
666.0,28.0,1407.0,249.0,55.0,194.0,0.47700000000000004,48.0,81.0,111.0,0.516,186.0
106.0,27.0,256.0,42.0,0.0,0.0,0.532,18.0,18.0,30.0,0.5670000000000001,270.0
438.0,23.0,1087.0,186.0,0.0,0.0,0.5489999999999999,95.0,45.0,111.0,0.57,240.0
448.0,20.0,1502.0,167.0,1.0,9.0,0.475,109.0,60.0,145.0,0.516,232.0
846.0,26.0,1927.0,307.0,122.0,351.0,0.499,58.0,79.0,193.0,0.526,225.0
243.0,19.0,797.0,93.0,13.0,48.0,0.478,46.0,38.0,83.0,0.517,220.0
911.0,30.0,2394.0,339.0,88.0,256.0,0.514,108.0,81.0,122.0,0.5489999999999999,220.0
658.0,25.0,1300.0,260.0,3.0,10.0,0.44799999999999995,146.0,80.0,175.0,0.498,255.0
1304.0,25.0,2542.0,456.0,74.0,225.0,0.474,34.0,232.0,158.0,0.541,186.0
272.0,24.0,920.0,105.0,44.0,130.0,0.496,33.0,49.0,71.0,0.508,220.0
525.0,26.0,1077.0,224.0,0.0,0.0,0.677,102.0,35.0,94.0,0.695,210.0
564.0,25.0,1142.0,243.0,0.0,0.0,0.628,145.0,58.0,129.0,0.619,265.0
537.0,21.0,1771.0,217.0,0.0,2.0,0.544,199.0,99.0,222.0,0.5489999999999999,255.0
305.0,22.0,996.0,109.0,51.0,127.0,0.489,31.0,37.0,99.0,0.516,220.0
737.0,32.0,1693.0,307.0,1.0,5.0,0.512,84.0,124.0,180.0,0.534,250.0
206.0,21.0,654.0,84.0,13.0,39.0,0.484,13.0,46.0,64.0,0.51,194.0
1162.0,26.0,2228.0,408.0,71.0,207.0,0.5,30.0,205.0,139.0,0.5660000000000001,186.0
210.0,25.0,469.0,76.0,13.0,31.0,0.488,15.0,38.0,42.0,0.539,170.0
37.0,26.0,155.0,15.0,1.0,5.0,0.344,5.0,9.0,12.0,0.37799999999999995,175.0
1106.0,21.0,2487.0,392.0,74.0,226.0,0.45799999999999996,43.0,256.0,210.0,0.514,210.0
301.0,26.0,677.0,128.0,17.0,55.0,0.424,10.0,69.0,38.0,0.439,175.0
2.0,23.0,2.0,1.0,0.0,0.0,1.0,0.0,0.0,1.0,1.0,238.0
134.0,22.0,469.0,54.0,8.0,29.0,0.504,16.0,19.0,51.0,0.532,214.0
1387.0,19.0,2969.0,497.0,39.0,126.0,0.45399999999999996,134.0,177.0,190.0,0.517,199.0
731.0,20.0,2489.0,301.0,11.0,42.0,0.433,107.0,203.0,193.0,0.456,185.0
1228.0,26.0,2532.0,413.0,144.0,392.0,0.509,142.0,122.0,140.0,0.562,251.0
1163.0,22.0,2135.0,482.0,16.0,45.0,0.528,277.0,145.0,189.0,0.564,245.0
680.0,28.0,1876.0,295.0,0.0,3.0,0.521,128.0,99.0,127.0,0.5429999999999999,240.0
308.0,27.0,1075.0,110.0,48.0,125.0,0.57,49.0,47.0,154.0,0.594,240.0
1096.0,24.0,2178.0,447.0,0.0,3.0,0.545,238.0,135.0,193.0,0.573,228.0
1068.0,29.0,2655.0,455.0,1.0,1.0,0.542,202.0,126.0,201.0,0.568,240.0
262.0,26.0,1156.0,105.0,26.0,80.0,0.457,29.0,61.0,94.0,0.478,195.0
939.0,25.0,1886.0,356.0,38.0,132.0,0.451,50.0,155.0,147.0,0.504,220.0
520.0,23.0,1275.0,199.0,0.0,3.0,0.659,99.0,77.0,171.0,0.67,245.0
618.0,26.0,1478.0,237.0,37.0,131.0,0.441,107.0,61.0,135.0,0.486,235.0
859.0,29.0,2537.0,355.0,62.0,170.0,0.494,77.0,278.0,175.0,0.506,186.0
80.0,29.0,272.0,26.0,24.0,62.0,0.514,6.0,11.0,20.0,0.522,240.0
1603.0,28.0,2498.0,652.0,3.0,15.0,0.45899999999999996,166.0,123.0,147.0,0.507,260.0
854.0,27.0,2271.0,343.0,20.0,83.0,0.469,50.0,169.0,139.0,0.513,220.0
388.0,33.0,1095.0,145.0,17.0,51.0,0.486,32.0,49.0,98.0,0.5329999999999999,225.0
222.0,21.0,1072.0,88.0,0.0,0.0,0.611,105.0,40.0,124.0,0.606,255.0
26.0,27.0,86.0,12.0,0.0,0.0,0.5710000000000001,7.0,5.0,4.0,0.5710000000000001,210.0
656.0,28.0,1785.0,257.0,15.0,42.0,0.447,98.0,104.0,205.0,0.49700000000000005,245.0
376.0,28.0,997.0,143.0,50.0,134.0,0.532,13.0,67.0,94.0,0.555,161.0
1578.0,25.0,2893.0,521.0,143.0,410.0,0.493,61.0,202.0,183.0,0.5589999999999999,226.0
572.0,28.0,2062.0,211.0,116.0,349.0,0.48,48.0,75.0,141.0,0.49200000000000005,215.0
399.0,24.0,992.0,146.0,2.0,16.0,0.49700000000000005,84.0,40.0,118.0,0.557,240.0
29.0,23.0,166.0,13.0,0.0,5.0,0.342,8.0,9.0,11.0,0.365,165.0
151.0,30.0,421.0,58.0,23.0,85.0,0.41100000000000003,18.0,36.0,56.0,0.419,225.0
700.0,25.0,1854.0,261.0,91.0,256.0,0.532,50.0,78.0,104.0,0.562,216.0
132.0,21.0,489.0,52.0,12.0,38.0,0.423,11.0,39.0,46.0,0.446,175.0
1446.0,27.0,2678.0,527.0,155.0,436.0,0.484,64.0,134.0,226.0,0.522,225.0
251.0,28.0,680.0,94.0,8.0,41.0,0.436,32.0,50.0,62.0,0.484,186.0
1102.0,27.0,2407.0,495.0,7.0,30.0,0.518,176.0,136.0,182.0,0.5329999999999999,221.0
625.0,19.0,1974.0,260.0,32.0,117.0,0.489,122.0,69.0,144.0,0.504,215.0
1135.0,27.0,2375.0,429.0,13.0,39.0,0.498,177.0,138.0,232.0,0.55,246.0
555.0,22.0,2066.0,225.0,4.0,19.0,0.479,139.0,116.0,153.0,0.519,220.0
22.0,25.0,72.0,7.0,4.0,13.0,0.45,1.0,2.0,3.0,0.506,210.0
582.0,29.0,1951.0,201.0,89.0,258.0,0.486,36.0,64.0,195.0,0.52,195.0
154.0,23.0,384.0,62.0,10.0,46.0,0.396,6.0,33.0,30.0,0.428,180.0
529.0,26.0,1482.0,236.0,0.0,0.0,0.532,169.0,48.0,185.0,0.54,265.0
1035.0,29.0,2502.0,375.0,118.0,333.0,0.491,27.0,116.0,167.0,0.5329999999999999,210.0
382.0,33.0,1270.0,147.0,59.0,142.0,0.499,19.0,75.0,76.0,0.519,200.0
432.0,21.0,1518.0,179.0,1.0,3.0,0.508,142.0,74.0,213.0,0.542,260.0
954.0,30.0,1885.0,344.0,121.0,313.0,0.495,32.0,157.0,189.0,0.534,161.0
167.0,32.0,584.0,61.0,38.0,103.0,0.491,14.0,39.0,53.0,0.501,190.0
767.0,25.0,1482.0,301.0,62.0,200.0,0.529,62.0,79.0,121.0,0.5589999999999999,237.0
113.0,26.0,450.0,45.0,0.0,1.0,0.35700000000000004,28.0,17.0,38.0,0.402,235.0
85.0,24.0,378.0,39.0,4.0,17.0,0.353,11.0,27.0,14.0,0.35700000000000004,175.0
826.0,31.0,2160.0,312.0,130.0,282.0,0.594,20.0,126.0,99.0,0.616,200.0
1440.0,23.0,2598.0,577.0,5.0,28.0,0.541,186.0,185.0,231.0,0.5720000000000001,251.0
83.0,28.0,212.0,35.0,0.0,0.0,0.6729999999999999,14.0,10.0,21.0,0.6629999999999999,210.0
946.0,25.0,2086.0,373.0,1.0,8.0,0.507,242.0,118.0,211.0,0.5479999999999999,228.0
1791.0,24.0,3017.0,604.0,64.0,210.0,0.452,51.0,176.0,197.0,0.532,221.0
132.0,24.0,486.0,53.0,9.0,32.0,0.397,20.0,36.0,77.0,0.42200000000000004,237.0
482.0,29.0,1432.0,161.0,106.0,290.0,0.545,51.0,51.0,137.0,0.569,240.0
25.0,23.0,142.0,12.0,0.0,5.0,0.387,2.0,3.0,11.0,0.382,190.0
338.0,26.0,976.0,144.0,0.0,0.0,0.478,101.0,59.0,122.0,0.513,250.0
1046.0,27.0,2448.0,372.0,139.0,399.0,0.506,55.0,205.0,114.0,0.546,200.0
123.0,35.0,699.0,50.0,0.0,2.0,0.45899999999999996,68.0,50.0,107.0,0.498,255.0
457.0,32.0,1732.0,176.0,54.0,154.0,0.552,52.0,79.0,102.0,0.565,215.0
943.0,24.0,1956.0,299.0,167.0,446.0,0.506,65.0,128.0,189.0,0.5539999999999999,215.0
992.0,34.0,2703.0,377.0,120.0,313.0,0.509,49.0,159.0,146.0,0.5379999999999999,240.0
181.0,30.0,459.0,69.0,18.0,58.0,0.433,33.0,41.0,62.0,0.456,225.0
1878.0,27.0,2750.0,656.0,101.0,341.0,0.489,145.0,342.0,200.0,0.5539999999999999,200.0
108.0,30.0,281.0,43.0,10.0,34.0,0.45299999999999996,2.0,18.0,17.0,0.48,205.0
2.0,20.0,14.0,1.0,0.0,0.0,0.33299999999999996,0.0,1.0,1.0,0.258,250.0
1341.0,30.0,2174.0,519.0,24.0,68.0,0.534,18.0,170.0,92.0,0.588,185.0
643.0,23.0,1553.0,253.0,31.0,78.0,0.473,78.0,137.0,112.0,0.513,205.0
217.0,19.0,1001.0,81.0,43.0,147.0,0.385,11.0,28.0,73.0,0.39799999999999996,202.0
613.0,23.0,1391.0,232.0,32.0,125.0,0.406,43.0,174.0,103.0,0.444,190.0
22.0,23.0,91.0,10.0,0.0,3.0,0.35700000000000004,5.0,5.0,11.0,0.359,228.0
586.0,28.0,1615.0,218.0,96.0,268.0,0.474,20.0,45.0,82.0,0.498,200.0
760.0,28.0,2490.0,265.0,74.0,191.0,0.491,161.0,102.0,204.0,0.54,245.0
412.0,32.0,1583.0,176.0,0.0,4.0,0.595,123.0,69.0,197.0,0.624,255.0
312.0,24.0,1051.0,101.0,31.0,95.0,0.47200000000000003,51.0,39.0,89.0,0.541,210.0
514.0,29.0,1233.0,194.0,0.0,2.0,0.505,140.0,67.0,151.0,0.563,260.0
656.0,25.0,1840.0,282.0,0.0,0.0,0.601,230.0,58.0,202.0,0.594,240.0
539.0,24.0,1382.0,196.0,48.0,170.0,0.469,60.0,39.0,111.0,0.512,235.0
555.0,24.0,1533.0,225.0,55.0,151.0,0.516,117.0,65.0,159.0,0.5329999999999999,230.0
535.0,23.0,1444.0,207.0,16.0,44.0,0.523,44.0,67.0,105.0,0.564,193.0
593.0,19.0,1687.0,225.0,63.0,205.0,0.428,58.0,114.0,178.0,0.46,245.0
1040.0,34.0,2016.0,431.0,6.0,26.0,0.479,179.0,105.0,146.0,0.519,260.0
16.0,23.0,34.0,6.0,4.0,11.0,0.5710000000000001,2.0,1.0,3.0,0.5710000000000001,215.0
261.0,34.0,995.0,107.0,2.0,10.0,0.452,71.0,41.0,113.0,0.488,235.0
1409.0,34.0,2258.0,540.0,7.0,44.0,0.45899999999999996,82.0,203.0,116.0,0.517,220.0
1007.0,28.0,2820.0,380.0,0.0,2.0,0.475,282.0,194.0,245.0,0.531,230.0
834.0,28.0,1713.0,316.0,97.0,280.0,0.48100000000000004,34.0,145.0,131.0,0.51,185.0
506.0,27.0,1910.0,210.0,22.0,70.0,0.498,132.0,67.0,145.0,0.525,245.0
551.0,26.0,1119.0,187.0,72.0,196.0,0.503,8.0,74.0,55.0,0.555,175.0
353.0,23.0,758.0,132.0,4.0,28.0,0.435,21.0,79.0,64.0,0.496,190.0
1131.0,25.0,2808.0,401.0,100.0,258.0,0.551,134.0,259.0,240.0,0.5870000000000001,230.0
231.0,27.0,977.0,86.0,30.0,97.0,0.457,50.0,32.0,120.0,0.48100000000000004,228.0
1735.0,35.0,2628.0,633.0,131.0,329.0,0.5489999999999999,40.0,117.0,165.0,0.603,245.0
891.0,23.0,1855.0,361.0,79.0,200.0,0.485,48.0,96.0,145.0,0.51,180.0
104.0,21.0,434.0,36.0,0.0,0.0,0.486,51.0,32.0,57.0,0.507,245.0
461.0,22.0,1435.0,192.0,40.0,126.0,0.444,30.0,72.0,129.0,0.461,180.0
963.0,22.0,2096.0,373.0,0.0,1.0,0.5720000000000001,215.0,109.0,222.0,0.623,265.0
404.0,26.0,1253.0,140.0,74.0,171.0,0.5670000000000001,33.0,41.0,103.0,0.5920000000000001,220.0
725.0,27.0,1565.0,260.0,60.0,161.0,0.527,19.0,112.0,95.0,0.575,175.0
713.0,24.0,1264.0,235.0,56.0,173.0,0.45,10.0,117.0,75.0,0.523,215.0
622.0,28.0,1396.0,221.0,136.0,349.0,0.546,60.0,54.0,143.0,0.5589999999999999,242.0
764.0,24.0,1861.0,291.0,110.0,259.0,0.537,37.0,53.0,127.0,0.561,225.0
1309.0,24.0,2503.0,472.0,213.0,557.0,0.519,191.0,97.0,179.0,0.5479999999999999,240.0
18.0,27.0,61.0,8.0,0.0,0.0,0.444,4.0,5.0,2.0,0.455,270.0
159.0,25.0,329.0,54.0,26.0,58.0,0.593,21.0,19.0,28.0,0.621,210.0
491.0,31.0,1108.0,188.0,66.0,185.0,0.47100000000000003,21.0,82.0,132.0,0.494,161.0
337.0,24.0,1553.0,136.0,32.0,103.0,0.555,79.0,35.0,133.0,0.5660000000000001,210.0
384.0,38.0,1091.0,135.0,69.0,232.0,0.41700000000000004,27.0,43.0,102.0,0.445,220.0
1168.0,25.0,2757.0,414.0,106.0,293.0,0.49700000000000005,43.0,189.0,171.0,0.5489999999999999,175.0
83.0,19.0,259.0,30.0,5.0,13.0,0.428,28.0,11.0,20.0,0.475,240.0
671.0,34.0,1934.0,247.0,85.0,229.0,0.47600000000000003,34.0,116.0,100.0,0.512,240.0
1469.0,25.0,2356.0,574.0,10.0,25.0,0.506,126.0,152.0,196.0,0.551,251.0
346.0,22.0,1231.0,129.0,57.0,178.0,0.469,19.0,44.0,84.0,0.489,200.0
152.0,22.0,383.0,52.0,19.0,50.0,0.469,5.0,19.0,28.0,0.511,205.0
13.0,23.0,31.0,4.0,1.0,5.0,0.409,0.0,2.0,8.0,0.509,175.0
188.0,20.0,719.0,66.0,21.0,103.0,0.353,21.0,38.0,71.0,0.395,210.0
511.0,28.0,1729.0,196.0,81.0,225.0,0.529,36.0,56.0,146.0,0.541,225.0
367.0,29.0,896.0,153.0,9.0,37.0,0.40299999999999997,52.0,72.0,82.0,0.41700000000000004,225.0
32.0,20.0,90.0,14.0,0.0,0.0,0.483,10.0,5.0,14.0,0.409,240.0
660.0,29.0,1471.0,254.0,73.0,231.0,0.44299999999999995,16.0,125.0,129.0,0.47100000000000003,185.0
487.0,32.0,1280.0,167.0,52.0,158.0,0.516,18.0,66.0,124.0,0.5589999999999999,192.0
380.0,22.0,827.0,162.0,0.0,3.0,0.48200000000000004,116.0,47.0,83.0,0.49700000000000005,229.0
845.0,25.0,2045.0,331.0,112.0,313.0,0.507,73.0,73.0,188.0,0.52,235.0
417.0,27.0,1455.0,166.0,0.0,4.0,0.48,31.0,76.0,127.0,0.536,192.0
299.0,28.0,897.0,117.0,2.0,6.0,0.509,91.0,47.0,114.0,0.5539999999999999,275.0
689.0,30.0,2164.0,255.0,0.0,0.0,0.638,269.0,87.0,188.0,0.6709999999999999,240.0
541.0,27.0,1505.0,185.0,101.0,231.0,0.539,21.0,73.0,111.0,0.568,200.0
771.0,29.0,1750.0,281.0,82.0,243.0,0.49,21.0,83.0,108.0,0.5329999999999999,210.0
738.0,37.0,1587.0,251.0,89.0,258.0,0.502,28.0,154.0,138.0,0.544,205.0
425.0,32.0,1200.0,152.0,91.0,235.0,0.569,35.0,43.0,127.0,0.586,255.0
761.0,30.0,2334.0,290.0,82.0,217.0,0.518,29.0,72.0,134.0,0.551,200.0
1394.0,20.0,2358.0,522.0,2.0,9.0,0.52,207.0,109.0,200.0,0.5820000000000001,253.0
89.0,22.0,205.0,33.0,3.0,7.0,0.5660000000000001,12.0,8.0,9.0,0.603,232.0
461.0,28.0,1122.0,185.0,1.0,4.0,0.5670000000000001,109.0,65.0,162.0,0.618,260.0
338.0,26.0,832.0,143.0,18.0,60.0,0.414,15.0,78.0,50.0,0.431,175.0
724.0,24.0,2010.0,314.0,0.0,0.0,0.643,210.0,100.0,192.0,0.606,265.0
917.0,25.0,2116.0,374.0,77.0,205.0,0.525,135.0,97.0,194.0,0.5489999999999999,235.0
970.0,22.0,2201.0,390.0,0.0,1.0,0.522,199.0,129.0,236.0,0.556,265.0
641.0,24.0,1398.0,249.0,44.0,158.0,0.47,28.0,91.0,94.0,0.511,208.0
420.0,26.0,876.0,167.0,0.0,4.0,0.49,64.0,55.0,123.0,0.544,245.0
124.0,30.0,635.0,51.0,0.0,1.0,0.38299999999999995,87.0,52.0,77.0,0.406,230.0
791.0,26.0,2020.0,250.0,101.0,279.0,0.48200000000000004,56.0,157.0,218.0,0.5429999999999999,205.0
577.0,28.0,1800.0,249.0,10.0,43.0,0.596,178.0,94.0,214.0,0.602,240.0
2.0,24.0,43.0,1.0,0.0,1.0,0.14300000000000002,0.0,1.0,8.0,0.14300000000000002,235.0
763.0,24.0,1416.0,265.0,50.0,140.0,0.522,27.0,143.0,99.0,0.578,205.0
638.0,23.0,1774.0,231.0,1.0,10.0,0.53,138.0,68.0,204.0,0.5920000000000001,240.0
448.0,25.0,1058.0,182.0,39.0,125.0,0.486,13.0,95.0,72.0,0.507,203.0
190.0,22.0,603.0,70.0,18.0,48.0,0.473,14.0,30.0,42.0,0.506,186.0
78.0,20.0,319.0,33.0,4.0,21.0,0.385,21.0,14.0,26.0,0.405,198.0
321.0,34.0,769.0,130.0,35.0,84.0,0.588,15.0,43.0,46.0,0.603,240.0
1236.0,26.0,2100.0,506.0,1.0,10.0,0.513,214.0,104.0,206.0,0.5579999999999999,275.0
749.0,25.0,2084.0,267.0,0.0,4.0,0.516,201.0,154.0,253.0,0.564,245.0
335.0,26.0,712.0,134.0,25.0,79.0,0.51,30.0,45.0,80.0,0.5379999999999999,245.0
286.0,25.0,824.0,121.0,7.0,29.0,0.456,50.0,35.0,86.0,0.478,228.0
948.0,28.0,2313.0,377.0,93.0,258.0,0.48,51.0,155.0,130.0,0.505,205.0
532.0,29.0,987.0,181.0,73.0,185.0,0.546,9.0,42.0,65.0,0.598,190.0
63.0,26.0,263.0,24.0,10.0,45.0,0.397,4.0,13.0,21.0,0.40700000000000003,185.0
178.0,28.0,447.0,64.0,18.0,44.0,0.47700000000000004,45.0,12.0,51.0,0.515,235.0
574.0,27.0,1287.0,189.0,49.0,150.0,0.46299999999999997,13.0,110.0,61.0,0.536,183.0
402.0,28.0,1188.0,125.0,19.0,60.0,0.40299999999999997,23.0,86.0,73.0,0.49,190.0
201.0,22.0,476.0,74.0,30.0,80.0,0.5,7.0,35.0,53.0,0.521,190.0
493.0,23.0,1606.0,218.0,31.0,89.0,0.503,43.0,140.0,114.0,0.511,200.0
919.0,21.0,2286.0,358.0,10.0,36.0,0.435,172.0,149.0,242.0,0.48200000000000004,250.0
1127.0,28.0,2796.0,429.0,1.0,14.0,0.494,184.0,157.0,255.0,0.5589999999999999,255.0
957.0,31.0,2241.0,359.0,39.0,146.0,0.46299999999999997,19.0,191.0,143.0,0.522,200.0
512.0,22.0,866.0,194.0,20.0,51.0,0.514,63.0,35.0,49.0,0.556,223.0
1258.0,25.0,2581.0,512.0,57.0,179.0,0.491,110.0,170.0,245.0,0.523,245.0
799.0,35.0,2124.0,281.0,123.0,331.0,0.529,19.0,102.0,110.0,0.5660000000000001,185.0
810.0,31.0,2259.0,277.0,189.0,414.0,0.618,23.0,70.0,170.0,0.637,212.0
1048.0,29.0,2930.0,366.0,194.0,555.0,0.509,77.0,141.0,186.0,0.539,215.0
1413.0,30.0,2687.0,530.0,3.0,17.0,0.496,115.0,176.0,208.0,0.5579999999999999,255.0
843.0,28.0,1735.0,340.0,66.0,186.0,0.5489999999999999,51.0,114.0,120.0,0.573,190.0
645.0,29.0,1557.0,233.0,96.0,248.0,0.484,43.0,117.0,146.0,0.518,161.0
578.0,27.0,1305.0,190.0,15.0,68.0,0.425,22.0,93.0,50.0,0.509,190.0
57.0,24.0,239.0,21.0,5.0,17.0,0.385,6.0,25.0,26.0,0.406,170.0
929.0,24.0,2136.0,384.0,0.0,0.0,0.534,226.0,110.0,167.0,0.573,255.0
105.0,23.0,321.0,40.0,0.0,4.0,0.556,30.0,13.0,31.0,0.601,275.0
632.0,26.0,1059.0,223.0,48.0,129.0,0.502,18.0,110.0,75.0,0.557,205.0
976.0,32.0,1953.0,404.0,38.0,89.0,0.508,15.0,146.0,108.0,0.539,185.0
767.0,28.0,1881.0,280.0,96.0,259.0,0.496,144.0,71.0,171.0,0.526,235.0
193.0,23.0,556.0,83.0,16.0,36.0,0.542,40.0,19.0,48.0,0.5539999999999999,230.0
356.0,23.0,1254.0,130.0,50.0,151.0,0.524,46.0,41.0,100.0,0.551,235.0
1041.0,23.0,1667.0,394.0,84.0,262.0,0.496,44.0,124.0,107.0,0.54,193.0
294.0,24.0,656.0,113.0,52.0,130.0,0.5770000000000001,9.0,39.0,55.0,0.59,185.0
580.0,28.0,1093.0,206.0,47.0,154.0,0.483,21.0,56.0,66.0,0.539,235.0
202.0,20.0,428.0,75.0,22.0,54.0,0.5660000000000001,6.0,32.0,65.0,0.597,205.0
739.0,34.0,2401.0,268.0,158.0,397.0,0.563,14.0,98.0,161.0,0.578,212.0
1564.0,29.0,2857.0,568.0,139.0,349.0,0.545,52.0,190.0,203.0,0.596,175.0
108.0,26.0,366.0,44.0,0.0,2.0,0.506,50.0,25.0,57.0,0.5489999999999999,275.0
1055.0,23.0,2486.0,446.0,20.0,57.0,0.586,222.0,125.0,213.0,0.612,235.0
1082.0,30.0,1992.0,486.0,2.0,5.0,0.48200000000000004,99.0,68.0,139.0,0.5,289.0
1249.0,29.0,2631.0,529.0,88.0,256.0,0.547,148.0,107.0,163.0,0.565,245.0
1463.0,31.0,2391.0,569.0,17.0,66.0,0.528,86.0,194.0,140.0,0.5710000000000001,220.0
705.0,35.0,1393.0,229.0,83.0,235.0,0.502,30.0,132.0,114.0,0.56,205.0
399.0,24.0,1049.0,156.0,0.0,1.0,0.5379999999999999,103.0,60.0,137.0,0.581,253.0
436.0,25.0,795.0,155.0,67.0,164.0,0.532,66.0,20.0,47.0,0.5720000000000001,240.0
1089.0,22.0,2193.0,380.0,50.0,143.0,0.48700000000000004,59.0,149.0,190.0,0.547,214.0
153.0,21.0,380.0,54.0,0.0,2.0,0.466,39.0,19.0,58.0,0.534,239.0
1501.0,27.0,2457.0,591.0,2.0,14.0,0.512,204.0,175.0,215.0,0.562,275.0
1164.0,22.0,2369.0,442.0,87.0,239.0,0.512,73.0,115.0,134.0,0.551,235.0
646.0,29.0,1544.0,240.0,42.0,136.0,0.469,55.0,69.0,102.0,0.517,235.0
138.0,27.0,638.0,51.0,6.0,29.0,0.38299999999999995,21.0,42.0,72.0,0.431,195.0
630.0,29.0,2017.0,240.0,62.0,195.0,0.446,54.0,129.0,157.0,0.47600000000000003,205.0
382.0,26.0,988.0,155.0,26.0,110.0,0.43799999999999994,53.0,47.0,146.0,0.466,235.0
983.0,26.0,2500.0,416.0,60.0,184.0,0.513,141.0,108.0,211.0,0.5329999999999999,235.0
1143.0,33.0,2304.0,454.0,7.0,20.0,0.491,225.0,156.0,175.0,0.5379999999999999,260.0
687.0,24.0,1395.0,253.0,85.0,210.0,0.531,72.0,74.0,163.0,0.561,238.0
2375.0,27.0,2700.0,805.0,402.0,886.0,0.63,68.0,262.0,161.0,0.669,190.0
1903.0,24.0,2861.0,673.0,97.0,300.0,0.47,111.0,273.0,189.0,0.532,200.0
1186.0,27.0,2335.0,412.0,76.0,232.0,0.526,53.0,159.0,143.0,0.594,175.0
13.0,24.0,55.0,5.0,0.0,0.0,0.23800000000000002,12.0,3.0,5.0,0.28600000000000003,249.0
159.0,25.0,311.0,58.0,16.0,47.0,0.402,9.0,34.0,15.0,0.446,190.0
1127.0,24.0,2629.0,509.0,1.0,8.0,0.532,182.0,90.0,191.0,0.541,221.0
1070.0,25.0,2956.0,381.0,145.0,402.0,0.5539999999999999,116.0,208.0,156.0,0.589,200.0
173.0,24.0,503.0,63.0,25.0,76.0,0.47200000000000003,20.0,22.0,45.0,0.486,225.0
1282.0,33.0,2094.0,421.0,161.0,446.0,0.496,34.0,135.0,120.0,0.556,200.0
143.0,22.0,416.0,58.0,18.0,49.0,0.532,3.0,34.0,39.0,0.537,203.0
648.0,25.0,2156.0,240.0,105.0,283.0,0.547,127.0,54.0,149.0,0.568,230.0
203.0,24.0,600.0,68.0,34.0,104.0,0.423,9.0,46.0,38.0,0.46,175.0
203.0,27.0,677.0,69.0,34.0,96.0,0.462,7.0,35.0,32.0,0.503,183.0
56.0,23.0,187.0,25.0,0.0,3.0,0.48100000000000004,13.0,8.0,21.0,0.485,228.0
546.0,29.0,1181.0,244.0,4.0,16.0,0.489,53.0,57.0,163.0,0.513,245.0
1.0,24.0,6.0,0.0,0.0,0.0,0.0,0.0,0.0,1.0,0.266,245.0
972.0,25.0,2372.0,341.0,48.0,136.0,0.504,31.0,173.0,139.0,0.575,175.0
799.0,26.0,2214.0,344.0,20.0,66.0,0.578,172.0,123.0,271.0,0.5920000000000001,240.0
103.0,23.0,229.0,36.0,5.0,13.0,0.48100000000000004,8.0,16.0,7.0,0.54,183.0
847.0,29.0,2080.0,315.0,163.0,426.0,0.525,30.0,97.0,163.0,0.5379999999999999,225.0
176.0,23.0,397.0,61.0,43.0,118.0,0.5,8.0,20.0,40.0,0.515,205.0
1331.0,33.0,1971.0,509.0,29.0,102.0,0.483,58.0,209.0,105.0,0.534,220.0
467.0,28.0,1178.0,148.0,68.0,168.0,0.52,8.0,84.0,85.0,0.575,183.0
419.0,25.0,1348.0,182.0,0.0,0.0,0.508,121.0,69.0,148.0,0.53,265.0
894.0,29.0,2524.0,326.0,128.0,314.0,0.528,58.0,101.0,149.0,0.555,188.0
686.0,27.0,1481.0,231.0,113.0,294.0,0.521,10.0,73.0,98.0,0.565,215.0
63.0,27.0,320.0,24.0,0.0,3.0,0.364,2.0,17.0,22.0,0.434,192.0
1455.0,22.0,2859.0,526.0,107.0,332.0,0.466,60.0,200.0,153.0,0.517,172.0
242.0,24.0,476.0,89.0,59.0,122.0,0.634,7.0,24.0,40.0,0.634,205.0
426.0,28.0,1319.0,194.0,19.0,54.0,0.457,48.0,135.0,111.0,0.46,186.0
46.0,23.0,108.0,15.0,13.0,43.0,0.457,0.0,5.0,14.0,0.47200000000000003,205.0
480.0,31.0,1662.0,191.0,0.0,1.0,0.593,159.0,71.0,145.0,0.615,240.0
145.0,21.0,455.0,51.0,12.0,65.0,0.337,4.0,33.0,53.0,0.39399999999999996,200.0
126.0,21.0,388.0,51.0,6.0,21.0,0.491,12.0,21.0,25.0,0.528,193.0
998.0,27.0,2609.0,388.0,59.0,211.0,0.517,63.0,105.0,210.0,0.55,186.0
264.0,29.0,752.0,94.0,36.0,90.0,0.493,6.0,33.0,59.0,0.5329999999999999,210.0
496.0,24.0,1545.0,193.0,67.0,196.0,0.48100000000000004,55.0,91.0,138.0,0.49700000000000005,220.0
1245.0,32.0,2575.0,462.0,162.0,404.0,0.5329999999999999,48.0,120.0,129.0,0.564,240.0
98.0,21.0,355.0,41.0,0.0,6.0,0.451,26.0,15.0,76.0,0.489,245.0
1022.0,26.0,2403.0,352.0,169.0,425.0,0.54,35.0,109.0,172.0,0.574,220.0
38.0,24.0,138.0,17.0,4.0,10.0,0.442,1.0,10.0,12.0,0.442,175.0
530.0,21.0,1339.0,192.0,36.0,99.0,0.44299999999999995,26.0,77.0,134.0,0.48200000000000004,200.0
976.0,30.0,2280.0,372.0,0.0,6.0,0.62,238.0,166.0,219.0,0.604,265.0
859.0,29.0,1970.0,336.0,2.0,11.0,0.474,84.0,111.0,150.0,0.526,255.0
1930.0,24.0,2863.0,718.0,12.0,44.0,0.5329999999999999,192.0,224.0,265.0,0.583,251.0
694.0,27.0,1979.0,298.0,19.0,46.0,0.5920000000000001,159.0,110.0,225.0,0.603,240.0
652.0,30.0,2540.0,239.0,68.0,206.0,0.469,165.0,111.0,202.0,0.506,245.0
149.0,25.0,504.0,62.0,13.0,38.0,0.493,12.0,14.0,45.0,0.504,191.0
1481.0,22.0,2164.0,560.0,35.0,108.0,0.508,130.0,121.0,148.0,0.5589999999999999,253.0
125.0,29.0,397.0,49.0,0.0,1.0,0.628,41.0,23.0,54.0,0.636,245.0
628.0,27.0,1411.0,224.0,75.0,210.0,0.48200000000000004,24.0,50.0,84.0,0.525,210.0
377.0,20.0,1206.0,151.0,3.0,7.0,0.551,80.0,49.0,168.0,0.596,245.0
544.0,34.0,2024.0,209.0,84.0,203.0,0.552,22.0,87.0,135.0,0.5710000000000001,200.0
76.0,22.0,215.0,31.0,0.0,3.0,0.425,17.0,12.0,29.0,0.48,240.0
820.0,31.0,2179.0,294.0,136.0,391.0,0.485,29.0,166.0,146.0,0.515,190.0
510.0,26.0,1635.0,236.0,0.0,5.0,0.46399999999999997,112.0,42.0,146.0,0.474,230.0
1743.0,30.0,2493.0,624.0,120.0,339.0,0.535,51.0,272.0,135.0,0.5770000000000001,250.0
486.0,28.0,1148.0,197.0,0.0,0.0,0.59,112.0,69.0,113.0,0.621,275.0
879.0,22.0,2159.0,318.0,161.0,408.0,0.531,43.0,88.0,183.0,0.5529999999999999,206.0
720.0,24.0,1747.0,270.0,131.0,339.0,0.536,21.0,46.0,120.0,0.551,206.0
1185.0,28.0,2171.0,406.0,78.0,212.0,0.511,38.0,145.0,157.0,0.58,175.0
762.0,24.0,2152.0,282.0,86.0,240.0,0.46,36.0,120.0,143.0,0.49200000000000005,225.0
2010.0,25.0,2797.0,650.0,190.0,505.0,0.524,224.0,196.0,136.0,0.591,251.0
1007.0,29.0,2421.0,369.0,78.0,220.0,0.518,103.0,108.0,109.0,0.561,220.0
302.0,24.0,642.0,121.0,23.0,49.0,0.539,37.0,27.0,63.0,0.5660000000000001,228.0
1314.0,22.0,2666.0,552.0,2.0,6.0,0.522,395.0,155.0,245.0,0.499,279.0
1124.0,27.0,2008.0,397.0,131.0,358.0,0.498,131.0,90.0,109.0,0.546,240.0
636.0,22.0,2014.0,261.0,0.0,0.0,0.613,219.0,84.0,223.0,0.621,255.0
756.0,28.0,1575.0,262.0,117.0,300.0,0.551,9.0,105.0,70.0,0.5920000000000001,190.0
856.0,25.0,2870.0,348.0,0.0,0.0,0.6759999999999999,331.0,123.0,264.0,0.63,265.0
342.0,28.0,1241.0,124.0,81.0,210.0,0.565,19.0,65.0,98.0,0.5720000000000001,226.0
810.0,29.0,1667.0,280.0,36.0,111.0,0.503,25.0,115.0,102.0,0.565,190.0
98.0,24.0,259.0,32.0,0.0,0.0,0.5,23.0,12.0,26.0,0.57,231.0
6.0,22.0,23.0,2.0,0.0,0.0,0.25,2.0,2.0,6.0,0.307,241.0
100.0,24.0,388.0,44.0,0.0,0.0,0.55,30.0,23.0,60.0,0.563,250.0
454.0,23.0,1808.0,156.0,0.0,1.0,0.542,182.0,71.0,225.0,0.586,255.0
702.0,26.0,1882.0,241.0,79.0,221.0,0.46,13.0,82.0,140.0,0.513,210.0
690.0,27.0,1662.0,260.0,123.0,320.0,0.525,27.0,76.0,102.0,0.541,185.0
567.0,26.0,1255.0,224.0,42.0,110.0,0.526,76.0,75.0,125.0,0.555,228.0
689.0,21.0,1810.0,260.0,65.0,174.0,0.556,63.0,62.0,99.0,0.5920000000000001,230.0
1048.0,19.0,2108.0,367.0,99.0,289.0,0.48,27.0,160.0,225.0,0.535,206.0
665.0,31.0,1685.0,219.0,95.0,266.0,0.509,13.0,85.0,147.0,0.5589999999999999,192.0
436.0,20.0,1102.0,186.0,16.0,52.0,0.445,123.0,54.0,100.0,0.469,230.0
779.0,23.0,1856.0,344.0,0.0,1.0,0.5379999999999999,171.0,114.0,185.0,0.5429999999999999,229.0
555.0,38.0,1134.0,197.0,70.0,179.0,0.5329999999999999,26.0,99.0,99.0,0.573,205.0
770.0,27.0,1770.0,285.0,4.0,24.0,0.527,171.0,122.0,213.0,0.584,275.0
666.0,25.0,1686.0,248.0,76.0,212.0,0.46399999999999997,22.0,82.0,161.0,0.498,200.0
1873.0,25.0,2846.0,652.0,261.0,615.0,0.5660000000000001,46.0,294.0,194.0,0.61,190.0
771.0,32.0,2286.0,293.0,0.0,0.0,0.6659999999999999,294.0,105.0,169.0,0.6970000000000001,240.0
1018.0,29.0,2363.0,417.0,64.0,205.0,0.513,54.0,185.0,188.0,0.537,190.0
280.0,27.0,968.0,101.0,0.0,0.0,0.532,101.0,59.0,92.0,0.57,255.0
1385.0,30.0,2647.0,501.0,74.0,232.0,0.505,198.0,191.0,237.0,0.556,246.0
1017.0,22.0,2104.0,336.0,102.0,246.0,0.501,51.0,120.0,125.0,0.564,226.0
95.0,26.0,456.0,32.0,20.0,54.0,0.43799999999999994,10.0,13.0,55.0,0.461,228.0
784.0,25.0,2337.0,269.0,94.0,246.0,0.525,116.0,79.0,211.0,0.574,228.0
58.0,22.0,159.0,19.0,1.0,10.0,0.361,4.0,7.0,20.0,0.423,200.0
962.0,25.0,2012.0,371.0,95.0,214.0,0.521,154.0,75.0,185.0,0.552,235.0
239.0,22.0,772.0,86.0,14.0,50.0,0.419,12.0,30.0,65.0,0.47200000000000003,200.0
377.0,25.0,892.0,142.0,25.0,83.0,0.489,68.0,42.0,90.0,0.531,231.0
826.0,25.0,1527.0,309.0,135.0,318.0,0.565,34.0,63.0,114.0,0.588,185.0
1149.0,24.0,2309.0,364.0,135.0,362.0,0.495,65.0,111.0,130.0,0.561,225.0
529.0,26.0,1727.0,199.0,54.0,166.0,0.48100000000000004,55.0,60.0,98.0,0.515,237.0
511.0,30.0,1489.0,192.0,51.0,138.0,0.519,19.0,49.0,79.0,0.556,200.0
1226.0,25.0,2783.0,466.0,130.0,351.0,0.5379999999999999,69.0,144.0,168.0,0.565,230.0
540.0,28.0,1469.0,205.0,49.0,142.0,0.532,21.0,48.0,90.0,0.574,200.0
987.0,21.0,2138.0,419.0,0.0,1.0,0.491,222.0,144.0,230.0,0.523,245.0
1434.0,24.0,2852.0,507.0,143.0,361.0,0.507,44.0,180.0,204.0,0.56,234.0
1886.0,26.0,2302.0,627.0,86.0,288.0,0.455,124.0,293.0,184.0,0.536,200.0
1071.0,28.0,2421.0,396.0,189.0,480.0,0.514,35.0,108.0,196.0,0.527,225.0
729.0,25.0,1364.0,255.0,126.0,328.0,0.518,24.0,69.0,138.0,0.551,225.0
262.0,25.0,579.0,106.0,2.0,5.0,0.433,76.0,35.0,86.0,0.474,255.0
226.0,24.0,692.0,78.0,13.0,51.0,0.386,19.0,64.0,59.0,0.452,194.0
476.0,23.0,1499.0,180.0,64.0,162.0,0.507,17.0,109.0,122.0,0.53,179.0
1292.0,22.0,2573.0,473.0,84.0,248.0,0.474,51.0,204.0,187.0,0.527,210.0
698.0,22.0,1661.0,253.0,85.0,225.0,0.514,28.0,82.0,116.0,0.546,205.0
1237.0,27.0,2903.0,466.0,75.0,233.0,0.461,162.0,144.0,105.0,0.508,220.0
1689.0,25.0,2885.0,568.0,182.0,490.0,0.495,56.0,171.0,111.0,0.5539999999999999,172.0
369.0,25.0,692.0,146.0,11.0,31.0,0.49200000000000005,21.0,46.0,56.0,0.537,230.0
448.0,27.0,1230.0,169.0,54.0,140.0,0.517,93.0,44.0,135.0,0.5489999999999999,231.0
606.0,30.0,1730.0,240.0,0.0,3.0,0.45399999999999996,197.0,133.0,170.0,0.506,270.0
1107.0,28.0,2723.0,389.0,180.0,442.0,0.562,99.0,132.0,179.0,0.59,215.0
101.0,24.0,268.0,36.0,10.0,39.0,0.423,5.0,28.0,42.0,0.44799999999999995,201.0
495.0,23.0,1962.0,183.0,76.0,228.0,0.457,81.0,79.0,209.0,0.48,220.0
349.0,23.0,1266.0,158.0,1.0,10.0,0.528,101.0,41.0,124.0,0.544,230.0
1614.0,23.0,2298.0,591.0,0.0,7.0,0.496,218.0,251.0,270.0,0.555,270.0
476.0,24.0,870.0,183.0,28.0,83.0,0.469,28.0,95.0,73.0,0.511,208.0
946.0,26.0,2820.0,379.0,1.0,4.0,0.711,397.0,109.0,245.0,0.638,265.0
379.0,26.0,765.0,136.0,33.0,85.0,0.486,20.0,73.0,66.0,0.534,220.0
703.0,22.0,1476.0,267.0,38.0,121.0,0.48,56.0,96.0,109.0,0.528,194.0
1166.0,24.0,2628.0,439.0,89.0,248.0,0.496,25.0,230.0,181.0,0.5429999999999999,186.0
1297.0,28.0,2396.0,473.0,2.0,7.0,0.593,231.0,229.0,240.0,0.6,265.0
69.0,23.0,338.0,24.0,15.0,46.0,0.45,1.0,8.0,19.0,0.466,205.0
44.0,23.0,161.0,15.0,9.0,25.0,0.44299999999999995,4.0,7.0,12.0,0.47600000000000003,175.0
158.0,21.0,674.0,63.0,10.0,56.0,0.43,38.0,27.0,66.0,0.449,215.0
1277.0,30.0,2409.0,447.0,200.0,458.0,0.583,22.0,95.0,134.0,0.622,190.0
397.0,25.0,960.0,164.0,0.0,1.0,0.564,87.0,64.0,131.0,0.58,229.0
1071.0,26.0,2434.0,451.0,38.0,115.0,0.486,127.0,117.0,171.0,0.507,221.0
577.0,29.0,1421.0,194.0,77.0,230.0,0.525,6.0,88.0,103.0,0.565,192.0
5.0,21.0,15.0,2.0,0.0,1.0,0.5,0.0,2.0,1.0,0.40299999999999997,200.0
123.0,24.0,516.0,56.0,8.0,27.0,0.377,12.0,37.0,26.0,0.379,175.0
1313.0,25.0,2690.0,521.0,69.0,227.0,0.47700000000000004,82.0,246.0,198.0,0.508,220.0
1244.0,28.0,2414.0,430.0,132.0,391.0,0.47600000000000003,54.0,173.0,212.0,0.527,205.0
586.0,29.0,1461.0,214.0,131.0,336.0,0.555,26.0,52.0,119.0,0.565,225.0
911.0,27.0,2016.0,337.0,126.0,293.0,0.5760000000000001,18.0,95.0,130.0,0.605,210.0
236.0,20.0,671.0,90.0,25.0,79.0,0.486,25.0,34.0,100.0,0.507,205.0
33.0,21.0,100.0,12.0,6.0,14.0,0.455,1.0,3.0,10.0,0.475,210.0
143.0,21.0,290.0,57.0,3.0,11.0,0.47200000000000003,24.0,16.0,24.0,0.505,223.0
580.0,23.0,1227.0,230.0,56.0,181.0,0.506,44.0,50.0,105.0,0.529,185.0
1167.0,22.0,2414.0,427.0,55.0,208.0,0.431,101.0,247.0,213.0,0.48,190.0
867.0,19.0,1846.0,349.0,0.0,6.0,0.516,165.0,89.0,158.0,0.5589999999999999,253.0
872.0,26.0,2083.0,320.0,109.0,305.0,0.517,28.0,138.0,176.0,0.551,201.0
813.0,28.0,2368.0,267.0,73.0,248.0,0.45799999999999996,24.0,173.0,251.0,0.521,190.0
696.0,29.0,1672.0,245.0,91.0,297.0,0.457,10.0,80.0,91.0,0.5,210.0
1446.0,34.0,2681.0,570.0,12.0,26.0,0.5,220.0,158.0,147.0,0.55,250.0
176.0,26.0,510.0,64.0,26.0,60.0,0.49700000000000005,8.0,26.0,40.0,0.527,185.0
1234.0,27.0,2424.0,409.0,158.0,439.0,0.499,149.0,142.0,159.0,0.5529999999999999,251.0
608.0,22.0,1691.0,185.0,27.0,92.0,0.386,44.0,172.0,143.0,0.48200000000000004,194.0
1047.0,23.0,2277.0,403.0,83.0,245.0,0.485,43.0,168.0,142.0,0.527,208.0
765.0,26.0,1629.0,305.0,47.0,155.0,0.45799999999999996,73.0,135.0,184.0,0.489,245.0
326.0,23.0,864.0,114.0,48.0,142.0,0.521,7.0,23.0,48.0,0.563,205.0
261.0,29.0,619.0,101.0,32.0,90.0,0.466,4.0,45.0,44.0,0.48700000000000004,225.0
250.0,25.0,650.0,90.0,25.0,83.0,0.429,8.0,22.0,72.0,0.473,200.0
1156.0,28.0,2318.0,519.0,11.0,36.0,0.544,131.0,100.0,121.0,0.563,245.0
1523.0,24.0,2380.0,551.0,129.0,291.0,0.565,95.0,105.0,133.0,0.616,230.0
228.0,23.0,1286.0,92.0,21.0,85.0,0.51,60.0,46.0,141.0,0.513,210.0
463.0,22.0,1412.0,191.0,0.0,2.0,0.563,134.0,46.0,146.0,0.588,240.0
216.0,25.0,845.0,91.0,0.0,1.0,0.562,118.0,51.0,141.0,0.568,245.0
182.0,28.0,699.0,81.0,8.0,32.0,0.425,25.0,75.0,42.0,0.42200000000000004,186.0
144.0,26.0,804.0,57.0,0.0,0.0,0.39899999999999997,61.0,38.0,96.0,0.44,240.0
522.0,26.0,1423.0,225.0,12.0,50.0,0.49700000000000005,43.0,148.0,96.0,0.516,186.0
350.0,27.0,998.0,141.0,26.0,90.0,0.44,22.0,99.0,65.0,0.461,186.0
1134.0,26.0,2581.0,401.0,88.0,276.0,0.491,60.0,212.0,214.0,0.54,190.0
879.0,22.0,1621.0,329.0,77.0,239.0,0.47100000000000003,25.0,183.0,138.0,0.51,172.0
356.0,25.0,1226.0,103.0,67.0,190.0,0.46399999999999997,20.0,68.0,64.0,0.527,183.0
35.0,26.0,79.0,17.0,0.0,0.0,0.447,10.0,8.0,16.0,0.455,270.0
965.0,30.0,1686.0,332.0,181.0,460.0,0.544,55.0,84.0,159.0,0.5710000000000001,242.0
785.0,28.0,2045.0,314.0,2.0,6.0,0.557,203.0,116.0,227.0,0.594,275.0
625.0,24.0,2033.0,231.0,77.0,224.0,0.45799999999999996,43.0,61.0,177.0,0.49,200.0
1085.0,27.0,2471.0,418.0,139.0,406.0,0.5,96.0,110.0,231.0,0.523,225.0
1035.0,28.0,2219.0,377.0,87.0,217.0,0.542,28.0,130.0,142.0,0.591,175.0
59.0,35.0,260.0,23.0,1.0,9.0,0.385,10.0,5.0,25.0,0.434,235.0
1153.0,23.0,2379.0,425.0,98.0,282.0,0.489,48.0,153.0,174.0,0.534,210.0
436.0,25.0,831.0,177.0,21.0,54.0,0.528,31.0,57.0,93.0,0.5589999999999999,235.0
713.0,29.0,2383.0,261.0,87.0,252.0,0.511,114.0,96.0,179.0,0.541,245.0
1040.0,26.0,2125.0,413.0,0.0,0.0,0.606,238.0,137.0,201.0,0.629,265.0
604.0,31.0,2069.0,231.0,74.0,212.0,0.54,44.0,88.0,100.0,0.5529999999999999,215.0
239.0,26.0,773.0,88.0,36.0,105.0,0.465,12.0,39.0,61.0,0.489,185.0
328.0,27.0,800.0,134.0,0.0,0.0,0.596,86.0,64.0,139.0,0.626,250.0
1377.0,22.0,2972.0,493.0,170.0,469.0,0.491,88.0,233.0,227.0,0.531,220.0
523.0,32.0,1407.0,205.0,89.0,258.0,0.495,33.0,109.0,136.0,0.503,190.0
299.0,29.0,716.0,104.0,54.0,132.0,0.498,23.0,51.0,76.0,0.529,161.0
208.0,23.0,720.0,89.0,1.0,8.0,0.42,47.0,44.0,84.0,0.44799999999999995,237.0
465.0,23.0,1154.0,171.0,74.0,194.0,0.52,63.0,53.0,120.0,0.537,235.0
65.0,23.0,263.0,23.0,15.0,39.0,0.565,0.0,6.0,17.0,0.578,205.0
863.0,23.0,1682.0,317.0,44.0,152.0,0.498,100.0,70.0,94.0,0.5479999999999999,223.0
1327.0,27.0,2683.0,550.0,61.0,201.0,0.491,133.0,226.0,175.0,0.501,225.0
61.0,26.0,189.0,29.0,0.0,0.0,0.49200000000000005,17.0,6.0,12.0,0.488,249.0
395.0,39.0,1005.0,133.0,59.0,169.0,0.474,31.0,35.0,101.0,0.52,220.0
340.0,28.0,1176.0,118.0,43.0,108.0,0.488,77.0,52.0,137.0,0.531,231.0
1080.0,23.0,2752.0,427.0,86.0,244.0,0.54,95.0,210.0,195.0,0.564,230.0
1275.0,28.0,2640.0,502.0,90.0,259.0,0.546,81.0,173.0,195.0,0.5770000000000001,190.0
9.0,19.0,21.0,4.0,1.0,2.0,0.643,4.0,1.0,2.0,0.643,220.0
908.0,25.0,2603.0,355.0,0.0,1.0,0.551,326.0,84.0,196.0,0.605,255.0
352.0,25.0,533.0,129.0,0.0,1.0,0.563,39.0,28.0,52.0,0.629,275.0
156.0,19.0,573.0,56.0,16.0,53.0,0.41,7.0,33.0,33.0,0.45,195.0
894.0,21.0,1756.0,336.0,63.0,203.0,0.451,22.0,121.0,113.0,0.49200000000000005,225.0
693.0,24.0,1765.0,260.0,71.0,201.0,0.47600000000000003,22.0,120.0,168.0,0.514,200.0
925.0,32.0,2468.0,341.0,191.0,425.0,0.584,29.0,103.0,136.0,0.596,200.0
354.0,25.0,661.0,139.0,40.0,128.0,0.47700000000000004,10.0,50.0,44.0,0.503,195.0
170.0,24.0,473.0,60.0,36.0,95.0,0.506,18.0,15.0,52.0,0.525,225.0
777.0,27.0,1964.0,258.0,83.0,246.0,0.46299999999999997,20.0,145.0,93.0,0.527,183.0
443.0,27.0,909.0,140.0,20.0,56.0,0.493,16.0,55.0,40.0,0.585,190.0
437.0,24.0,1118.0,175.0,46.0,112.0,0.54,83.0,49.0,120.0,0.5589999999999999,230.0
511.0,23.0,1797.0,187.0,55.0,165.0,0.467,86.0,91.0,231.0,0.498,230.0
1001.0,30.0,2453.0,439.0,0.0,3.0,0.5660000000000001,180.0,100.0,191.0,0.5870000000000001,240.0
872.0,19.0,2068.0,329.0,74.0,232.0,0.40399999999999997,32.0,217.0,141.0,0.43700000000000006,200.0
16.0,25.0,40.0,4.0,2.0,8.0,0.385,4.0,2.0,1.0,0.46,210.0
1920.0,28.0,2482.0,669.0,157.0,414.0,0.502,134.0,175.0,205.0,0.56,240.0
221.0,28.0,504.0,90.0,23.0,52.0,0.555,8.0,25.0,37.0,0.573,200.0
526.0,26.0,1684.0,206.0,0.0,0.0,0.611,224.0,64.0,202.0,0.616,240.0
987.0,23.0,2016.0,366.0,45.0,133.0,0.508,56.0,128.0,133.0,0.5579999999999999,220.0
218.0,25.0,676.0,81.0,41.0,97.0,0.51,5.0,24.0,38.0,0.529,200.0
1695.0,23.0,2937.0,553.0,218.0,554.0,0.508,35.0,193.0,197.0,0.568,195.0
1350.0,21.0,2823.0,513.0,28.0,109.0,0.52,113.0,208.0,258.0,0.5660000000000001,222.0
90.0,23.0,236.0,31.0,3.0,11.0,0.485,18.0,11.0,40.0,0.552,240.0
744.0,20.0,2311.0,302.0,0.0,0.0,0.462,185.0,146.0,208.0,0.493,228.0
748.0,20.0,2058.0,276.0,52.0,145.0,0.48100000000000004,53.0,101.0,140.0,0.526,210.0
384.0,26.0,956.0,143.0,22.0,87.0,0.5,60.0,66.0,102.0,0.552,250.0
502.0,19.0,2232.0,195.0,32.0,116.0,0.457,81.0,95.0,184.0,0.489,225.0
596.0,23.0,1524.0,222.0,86.0,233.0,0.504,80.0,77.0,160.0,0.516,235.0
112.0,20.0,362.0,44.0,13.0,34.0,0.46299999999999997,25.0,15.0,39.0,0.47,200.0
1531.0,25.0,2784.0,572.0,115.0,328.0,0.467,42.0,318.0,159.0,0.51,195.0
374.0,22.0,993.0,149.0,24.0,104.0,0.495,21.0,53.0,84.0,0.531,208.0
491.0,26.0,1553.0,222.0,0.0,2.0,0.551,149.0,58.0,131.0,0.563,228.0
166.0,23.0,387.0,65.0,10.0,33.0,0.449,16.0,18.0,31.0,0.488,175.0
485.0,29.0,2049.0,190.0,0.0,2.0,0.445,219.0,123.0,203.0,0.48200000000000004,230.0
593.0,23.0,1464.0,226.0,62.0,185.0,0.498,22.0,61.0,137.0,0.523,200.0
646.0,25.0,1964.0,286.0,0.0,0.0,0.517,198.0,111.0,185.0,0.529,249.0
357.0,24.0,956.0,155.0,0.0,0.0,0.534,92.0,40.0,114.0,0.542,240.0
229.0,32.0,754.0,81.0,48.0,121.0,0.565,23.0,30.0,71.0,0.586,255.0
1094.0,24.0,2892.0,441.0,58.0,159.0,0.446,56.0,187.0,197.0,0.478,220.0
835.0,26.0,1694.0,349.0,1.0,2.0,0.5579999999999999,235.0,91.0,169.0,0.5770000000000001,228.0
401.0,25.0,1161.0,162.0,24.0,64.0,0.424,52.0,58.0,185.0,0.45899999999999996,235.0
1573.0,31.0,2530.0,567.0,105.0,310.0,0.474,98.0,176.0,180.0,0.53,240.0
23.0,24.0,68.0,8.0,2.0,6.0,0.5,2.0,7.0,10.0,0.557,170.0
754.0,31.0,1560.0,299.0,1.0,5.0,0.504,65.0,117.0,164.0,0.53,250.0
487.0,23.0,1143.0,203.0,30.0,77.0,0.48,28.0,105.0,92.0,0.505,205.0
1417.0,25.0,2718.0,582.0,90.0,292.0,0.489,166.0,165.0,213.0,0.512,221.0
593.0,26.0,1416.0,209.0,35.0,87.0,0.53,54.0,88.0,107.0,0.58,225.0
1095.0,20.0,2619.0,479.0,0.0,2.0,0.623,440.0,110.0,273.0,0.599,279.0
1030.0,20.0,2541.0,383.0,7.0,44.0,0.496,100.0,173.0,254.0,0.552,222.0
402.0,29.0,1160.0,135.0,82.0,228.0,0.552,45.0,40.0,117.0,0.58,240.0
893.0,21.0,1850.0,332.0,32.0,126.0,0.486,88.0,78.0,143.0,0.542,235.0
246.0,24.0,582.0,90.0,24.0,75.0,0.47,13.0,44.0,45.0,0.512,195.0
966.0,23.0,2149.0,364.0,36.0,153.0,0.41600000000000004,64.0,253.0,167.0,0.461,190.0
426.0,20.0,1103.0,171.0,0.0,2.0,0.446,125.0,86.0,207.0,0.483,280.0
43.0,26.0,141.0,18.0,0.0,1.0,0.5,12.0,11.0,23.0,0.521,260.0
396.0,27.0,1673.0,147.0,72.0,202.0,0.517,22.0,98.0,124.0,0.5329999999999999,226.0
1100.0,28.0,2379.0,382.0,165.0,451.0,0.528,17.0,138.0,117.0,0.5710000000000001,190.0
426.0,23.0,1265.0,154.0,22.0,100.0,0.42200000000000004,23.0,87.0,97.0,0.479,195.0
1248.0,23.0,2800.0,426.0,85.0,280.0,0.45399999999999996,62.0,212.0,155.0,0.52,226.0
1036.0,26.0,2252.0,376.0,70.0,182.0,0.51,55.0,132.0,175.0,0.561,235.0
325.0,28.0,659.0,102.0,44.0,107.0,0.541,3.0,54.0,44.0,0.601,183.0
188.0,27.0,499.0,71.0,37.0,108.0,0.484,33.0,20.0,53.0,0.495,242.0
1088.0,36.0,2093.0,372.0,162.0,399.0,0.53,58.0,106.0,226.0,0.5710000000000001,220.0
0.0,25.0,7.0,0.0,0.0,0.0,0.0,0.0,0.0,1.0,0.0,210.0
1485.0,23.0,3013.0,548.0,34.0,120.0,0.45899999999999996,48.0,151.0,173.0,0.523,221.0
417.0,22.0,1309.0,170.0,18.0,62.0,0.46,33.0,57.0,67.0,0.486,190.0
118.0,22.0,694.0,44.0,22.0,56.0,0.509,8.0,23.0,89.0,0.529,235.0
747.0,21.0,1965.0,306.0,1.0,2.0,0.522,154.0,158.0,192.0,0.544,228.0
351.0,26.0,801.0,128.0,62.0,182.0,0.473,21.0,35.0,58.0,0.496,185.0
304.0,22.0,1243.0,101.0,0.0,0.0,0.5429999999999999,159.0,52.0,140.0,0.578,255.0
727.0,21.0,1787.0,274.0,0.0,5.0,0.48200000000000004,184.0,129.0,247.0,0.5329999999999999,265.0
1387.0,24.0,2837.0,519.0,65.0,217.0,0.473,36.0,304.0,180.0,0.523,195.0
832.0,26.0,1907.0,277.0,65.0,176.0,0.473,26.0,166.0,189.0,0.539,200.0
608.0,28.0,2018.0,275.0,27.0,86.0,0.447,73.0,210.0,153.0,0.44799999999999995,186.0
572.0,23.0,2045.0,234.0,13.0,48.0,0.48700000000000004,129.0,88.0,147.0,0.516,220.0
9.0,23.0,9.0,4.0,0.0,0.0,0.8,0.0,2.0,1.0,0.765,240.0
686.0,26.0,913.0,238.0,64.0,159.0,0.578,16.0,74.0,40.0,0.633,240.0
1168.0,28.0,2454.0,416.0,97.0,292.0,0.48,64.0,108.0,147.0,0.534,235.0
145.0,26.0,393.0,55.0,25.0,59.0,0.536,8.0,11.0,33.0,0.5539999999999999,200.0
3.0,24.0,15.0,1.0,1.0,4.0,0.375,0.0,1.0,1.0,0.375,219.0
1080.0,27.0,2097.0,447.0,44.0,150.0,0.44799999999999995,46.0,175.0,84.0,0.479,190.0
228.0,24.0,713.0,79.0,36.0,96.0,0.513,45.0,44.0,83.0,0.551,185.0
1012.0,31.0,2256.0,433.0,0.0,1.0,0.5670000000000001,222.0,121.0,193.0,0.5920000000000001,240.0
1177.0,24.0,2758.0,456.0,152.0,395.0,0.5670000000000001,79.0,147.0,148.0,0.584,230.0
355.0,25.0,879.0,142.0,35.0,98.0,0.498,11.0,81.0,65.0,0.52,203.0
470.0,24.0,1228.0,196.0,0.0,0.0,0.5660000000000001,124.0,87.0,152.0,0.578,229.0
354.0,27.0,1135.0,142.0,0.0,1.0,0.507,29.0,59.0,105.0,0.5589999999999999,192.0
1095.0,24.0,2640.0,396.0,87.0,257.0,0.49,32.0,236.0,205.0,0.5379999999999999,200.0
331.0,26.0,813.0,122.0,18.0,47.0,0.541,16.0,53.0,103.0,0.586,195.0
159.0,36.0,570.0,55.0,39.0,103.0,0.49,4.0,27.0,48.0,0.501,185.0
990.0,22.0,2460.0,376.0,120.0,290.0,0.511,60.0,123.0,243.0,0.541,234.0
695.0,25.0,2010.0,314.0,0.0,6.0,0.46799999999999997,142.0,56.0,153.0,0.485,230.0
749.0,26.0,1170.0,301.0,6.0,18.0,0.504,51.0,83.0,95.0,0.544,251.0
492.0,29.0,1769.0,235.0,0.0,0.0,0.627,182.0,97.0,210.0,0.61,260.0
910.0,30.0,2312.0,336.0,160.0,432.0,0.535,73.0,89.0,245.0,0.555,255.0
341.0,22.0,1107.0,123.0,53.0,115.0,0.55,21.0,35.0,107.0,0.569,200.0
443.0,26.0,1490.0,182.0,7.0,22.0,0.42,65.0,74.0,101.0,0.456,235.0
807.0,23.0,2092.0,309.0,145.0,390.0,0.507,32.0,69.0,136.0,0.519,206.0
101.0,22.0,252.0,31.0,18.0,55.0,0.46,7.0,21.0,25.0,0.506,201.0
86.0,20.0,362.0,33.0,0.0,0.0,0.423,39.0,26.0,68.0,0.469,260.0
580.0,30.0,1362.0,225.0,54.0,167.0,0.47,23.0,70.0,104.0,0.502,185.0
1661.0,29.0,2512.0,659.0,37.0,105.0,0.479,177.0,122.0,125.0,0.528,260.0
239.0,27.0,617.0,98.0,10.0,33.0,0.452,14.0,45.0,38.0,0.484,175.0
839.0,25.0,2341.0,299.0,126.0,349.0,0.503,98.0,120.0,171.0,0.5329999999999999,220.0
475.0,29.0,1326.0,203.0,1.0,7.0,0.5670000000000001,110.0,71.0,159.0,0.593,275.0
196.0,32.0,446.0,71.0,43.0,114.0,0.575,12.0,13.0,56.0,0.586,255.0
1296.0,27.0,2722.0,470.0,1.0,6.0,0.579,251.0,225.0,291.0,0.573,265.0
1255.0,32.0,2230.0,445.0,149.0,396.0,0.511,22.0,146.0,71.0,0.5579999999999999,200.0
1187.0,23.0,2280.0,482.0,1.0,6.0,0.526,196.0,121.0,210.0,0.5579999999999999,265.0
538.0,26.0,1793.0,188.0,91.0,244.0,0.522,53.0,51.0,150.0,0.55,220.0
470.0,20.0,1583.0,182.0,59.0,185.0,0.46,38.0,28.0,145.0,0.483,205.0
269.0,29.0,1178.0,104.0,0.0,0.0,0.5329999999999999,120.0,60.0,124.0,0.551,255.0
386.0,26.0,829.0,162.0,19.0,50.0,0.524,52.0,42.0,56.0,0.539,221.0
627.0,30.0,1936.0,263.0,0.0,3.0,0.526,206.0,78.0,180.0,0.556,225.0
270.0,26.0,741.0,98.0,31.0,74.0,0.546,51.0,43.0,85.0,0.5770000000000001,231.0
1055.0,23.0,2378.0,406.0,109.0,268.0,0.53,48.0,113.0,183.0,0.563,234.0
777.0,24.0,1646.0,248.0,135.0,346.0,0.518,58.0,102.0,151.0,0.564,220.0
250.0,30.0,845.0,98.0,31.0,79.0,0.516,10.0,23.0,55.0,0.54,200.0
261.0,23.0,1012.0,87.0,43.0,118.0,0.47600000000000003,17.0,81.0,76.0,0.517,175.0
338.0,33.0,1353.0,134.0,4.0,17.0,0.564,116.0,71.0,187.0,0.599,255.0
1038.0,25.0,2308.0,360.0,122.0,363.0,0.518,70.0,83.0,198.0,0.565,235.0
253.0,27.0,963.0,82.0,45.0,133.0,0.484,31.0,36.0,66.0,0.531,240.0
554.0,35.0,1404.0,244.0,3.0,7.0,0.5479999999999999,72.0,68.0,142.0,0.573,250.0
857.0,33.0,1980.0,350.0,27.0,65.0,0.512,17.0,131.0,114.0,0.546,185.0
200.0,23.0,723.0,73.0,25.0,77.0,0.515,9.0,22.0,88.0,0.55,235.0
17.0,23.0,105.0,8.0,0.0,2.0,0.308,6.0,10.0,7.0,0.316,190.0
104.0,22.0,268.0,41.0,14.0,35.0,0.5710000000000001,0.0,24.0,28.0,0.5770000000000001,203.0
374.0,23.0,899.0,121.0,26.0,68.0,0.447,19.0,52.0,64.0,0.524,214.0
330.0,24.0,618.0,105.0,20.0,92.0,0.386,64.0,39.0,34.0,0.45799999999999996,251.0
1399.0,26.0,2474.0,470.0,64.0,205.0,0.485,79.0,132.0,124.0,0.562,236.0
72.0,21.0,311.0,29.0,6.0,27.0,0.302,24.0,19.0,23.0,0.326,190.0
42.0,22.0,75.0,15.0,12.0,25.0,0.677,0.0,3.0,6.0,0.677,205.0
168.0,22.0,683.0,63.0,30.0,85.0,0.51,7.0,15.0,74.0,0.525,210.0
240.0,22.0,691.0,86.0,6.0,34.0,0.441,30.0,51.0,91.0,0.49,214.0
996.0,21.0,2670.0,363.0,140.0,391.0,0.521,31.0,138.0,219.0,0.552,195.0
1144.0,28.0,1810.0,387.0,135.0,350.0,0.511,29.0,95.0,156.0,0.564,210.0
1181.0,25.0,2037.0,533.0,2.0,9.0,0.511,174.0,123.0,173.0,0.531,260.0
464.0,27.0,1146.0,176.0,62.0,158.0,0.551,53.0,42.0,102.0,0.575,237.0
1155.0,25.0,2536.0,456.0,147.0,407.0,0.52,48.0,109.0,164.0,0.5379999999999999,180.0
598.0,26.0,1717.0,220.0,37.0,120.0,0.462,22.0,133.0,163.0,0.519,200.0
850.0,32.0,2408.0,289.0,185.0,392.0,0.626,22.0,102.0,147.0,0.653,212.0
22.0,28.0,43.0,7.0,4.0,9.0,0.45,1.0,1.0,2.0,0.506,210.0
956.0,28.0,2024.0,337.0,173.0,445.0,0.563,38.0,81.0,132.0,0.586,220.0
930.0,26.0,1939.0,298.0,133.0,332.0,0.508,15.0,125.0,147.0,0.569,183.0
344.0,28.0,804.0,120.0,48.0,151.0,0.483,8.0,33.0,47.0,0.529,190.0
208.0,22.0,647.0,71.0,22.0,83.0,0.469,18.0,24.0,45.0,0.522,228.0
186.0,28.0,786.0,83.0,1.0,1.0,0.45399999999999996,68.0,35.0,85.0,0.46299999999999997,260.0
293.0,29.0,709.0,114.0,25.0,77.0,0.474,19.0,24.0,62.0,0.496,235.0
484.0,27.0,1313.0,169.0,44.0,109.0,0.5,34.0,57.0,109.0,0.557,235.0
11.0,38.0,77.0,5.0,1.0,5.0,0.262,0.0,5.0,11.0,0.251,189.0
962.0,21.0,2107.0,363.0,106.0,259.0,0.489,57.0,123.0,136.0,0.521,207.0
1391.0,28.0,2578.0,611.0,2.0,17.0,0.495,156.0,105.0,170.0,0.522,289.0
700.0,27.0,2041.0,258.0,124.0,310.0,0.539,73.0,91.0,234.0,0.5529999999999999,185.0
1343.0,27.0,2780.0,445.0,201.0,511.0,0.541,51.0,110.0,176.0,0.588,220.0
314.0,27.0,870.0,140.0,0.0,0.0,0.601,94.0,40.0,73.0,0.606,249.0
121.0,20.0,411.0,52.0,12.0,43.0,0.40299999999999997,7.0,42.0,36.0,0.41100000000000003,194.0
1028.0,20.0,2047.0,373.0,81.0,243.0,0.467,132.0,121.0,205.0,0.518,240.0
753.0,28.0,1464.0,259.0,142.0,387.0,0.521,25.0,70.0,142.0,0.547,225.0
392.0,22.0,1353.0,141.0,63.0,192.0,0.47,35.0,49.0,128.0,0.491,235.0
529.0,26.0,1123.0,201.0,66.0,192.0,0.517,45.0,39.0,83.0,0.5429999999999999,237.0
411.0,32.0,1027.0,140.0,31.0,102.0,0.434,9.0,94.0,77.0,0.505,200.0
142.0,28.0,519.0,46.0,24.0,61.0,0.479,5.0,30.0,41.0,0.522,183.0
734.0,26.0,1426.0,228.0,107.0,301.0,0.496,31.0,57.0,94.0,0.563,225.0
717.0,24.0,1743.0,280.0,0.0,3.0,0.573,175.0,106.0,207.0,0.57,245.0
8.0,24.0,48.0,3.0,0.0,0.0,0.5,3.0,3.0,4.0,0.515,238.0
1149.0,23.0,2541.0,408.0,161.0,449.0,0.503,38.0,125.0,202.0,0.542,206.0
435.0,23.0,1412.0,159.0,73.0,197.0,0.527,31.0,48.0,86.0,0.55,200.0
1560.0,27.0,2790.0,638.0,2.0,14.0,0.485,175.0,143.0,187.0,0.53,260.0
955.0,30.0,2362.0,353.0,204.0,510.0,0.535,43.0,59.0,204.0,0.542,225.0
286.0,29.0,786.0,105.0,46.0,118.0,0.474,31.0,28.0,63.0,0.49,215.0
1250.0,32.0,2435.0,502.0,4.0,19.0,0.5,145.0,157.0,149.0,0.545,250.0
590.0,29.0,1669.0,212.0,61.0,224.0,0.439,42.0,78.0,168.0,0.48100000000000004,186.0
339.0,29.0,892.0,122.0,62.0,193.0,0.48,27.0,53.0,74.0,0.5,242.0
1366.0,26.0,2687.0,521.0,84.0,260.0,0.449,99.0,198.0,182.0,0.494,230.0
1289.0,26.0,2756.0,576.0,3.0,6.0,0.545,195.0,147.0,163.0,0.56,245.0
1786.0,24.0,2983.0,626.0,272.0,600.0,0.5489999999999999,59.0,240.0,198.0,0.589,190.0
1075.0,24.0,2119.0,378.0,85.0,280.0,0.429,35.0,100.0,92.0,0.486,172.0
1154.0,33.0,2791.0,446.0,121.0,337.0,0.494,53.0,137.0,120.0,0.523,240.0
1289.0,23.0,2614.0,449.0,109.0,327.0,0.441,39.0,169.0,128.0,0.499,172.0
383.0,29.0,1584.0,141.0,48.0,152.0,0.485,50.0,55.0,90.0,0.517,220.0
906.0,22.0,1602.0,324.0,12.0,45.0,0.449,35.0,157.0,117.0,0.521,195.0
410.0,35.0,1326.0,143.0,66.0,173.0,0.564,15.0,43.0,129.0,0.585,233.0
530.0,27.0,1471.0,188.0,76.0,209.0,0.501,44.0,84.0,72.0,0.5379999999999999,215.0
432.0,23.0,938.0,146.0,91.0,246.0,0.507,18.0,62.0,83.0,0.534,201.0
0.0,21.0,6.0,0.0,0.0,0.0,0.0,0.0,0.0,0.0,0.0,230.0
1169.0,31.0,2607.0,471.0,2.0,23.0,0.461,310.0,150.0,180.0,0.506,260.0
309.0,25.0,764.0,129.0,5.0,22.0,0.485,76.0,61.0,107.0,0.52,250.0
21.0,26.0,82.0,7.0,1.0,11.0,0.313,0.0,9.0,7.0,0.39399999999999996,183.0
173.0,33.0,653.0,74.0,0.0,0.0,0.507,42.0,24.0,79.0,0.523,235.0
606.0,22.0,1708.0,215.0,68.0,202.0,0.474,69.0,58.0,126.0,0.513,242.0
643.0,26.0,1146.0,240.0,44.0,131.0,0.46399999999999997,43.0,94.0,95.0,0.513,230.0
396.0,25.0,721.0,154.0,1.0,5.0,0.45799999999999996,70.0,45.0,89.0,0.515,255.0
871.0,22.0,2276.0,339.0,98.0,267.0,0.541,97.0,70.0,163.0,0.564,198.0
648.0,23.0,1817.0,295.0,0.0,1.0,0.581,211.0,53.0,246.0,0.585,265.0
928.0,20.0,1591.0,397.0,1.0,6.0,0.509,122.0,124.0,140.0,0.536,275.0
958.0,22.0,1708.0,359.0,105.0,271.0,0.515,41.0,112.0,117.0,0.547,207.0
445.0,21.0,1432.0,176.0,35.0,104.0,0.495,70.0,52.0,97.0,0.523,198.0
291.0,22.0,791.0,117.0,25.0,81.0,0.473,15.0,35.0,81.0,0.488,200.0
858.0,25.0,1903.0,274.0,170.0,482.0,0.504,65.0,143.0,232.0,0.5429999999999999,215.0
430.0,26.0,917.0,171.0,22.0,76.0,0.42200000000000004,43.0,90.0,104.0,0.456,245.0
476.0,19.0,1243.0,208.0,1.0,2.0,0.61,169.0,57.0,144.0,0.578,279.0
768.0,23.0,1557.0,303.0,0.0,0.0,0.565,184.0,85.0,158.0,0.61,265.0
122.0,24.0,549.0,52.0,6.0,28.0,0.451,14.0,30.0,49.0,0.46799999999999997,189.0
660.0,29.0,1816.0,264.0,0.0,0.0,0.589,138.0,100.0,220.0,0.603,250.0
408.0,29.0,1325.0,149.0,0.0,1.0,0.42700000000000005,141.0,92.0,124.0,0.502,270.0
980.0,27.0,2598.0,357.0,0.0,1.0,0.703,267.0,107.0,207.0,0.628,265.0
89.0,24.0,265.0,33.0,13.0,38.0,0.52,12.0,10.0,26.0,0.55,235.0
1377.0,25.0,2800.0,468.0,88.0,272.0,0.489,72.0,274.0,189.0,0.555,205.0
53.0,24.0,91.0,18.0,9.0,22.0,0.45899999999999996,4.0,12.0,11.0,0.49200000000000005,220.0
244.0,23.0,730.0,86.0,62.0,178.0,0.5,15.0,22.0,82.0,0.509,225.0
832.0,23.0,2105.0,311.0,112.0,285.0,0.541,27.0,64.0,192.0,0.5720000000000001,210.0
422.0,30.0,1583.0,200.0,0.0,0.0,0.563,141.0,106.0,188.0,0.565,260.0
182.0,25.0,426.0,76.0,0.0,0.0,0.5710000000000001,49.0,16.0,47.0,0.579,220.0
749.0,21.0,2066.0,251.0,35.0,146.0,0.44799999999999995,99.0,110.0,215.0,0.506,210.0
1213.0,23.0,2566.0,429.0,156.0,390.0,0.546,33.0,133.0,214.0,0.5870000000000001,205.0
923.0,23.0,2248.0,380.0,0.0,0.0,0.552,260.0,113.0,234.0,0.573,228.0
1218.0,29.0,2390.0,443.0,77.0,216.0,0.518,139.0,166.0,201.0,0.565,246.0
557.0,28.0,1982.0,213.0,0.0,0.0,0.517,244.0,95.0,144.0,0.545,255.0
261.0,25.0,741.0,96.0,16.0,48.0,0.45399999999999996,26.0,65.0,73.0,0.499,170.0
533.0,23.0,1457.0,204.0,62.0,176.0,0.46,37.0,61.0,129.0,0.489,200.0
261.0,25.0,1006.0,119.0,1.0,23.0,0.425,31.0,65.0,66.0,0.43799999999999994,175.0
136.0,20.0,325.0,53.0,7.0,21.0,0.491,17.0,18.0,31.0,0.5379999999999999,235.0
51.0,25.0,272.0,20.0,3.0,17.0,0.358,11.0,27.0,31.0,0.38299999999999995,170.0
88.0,27.0,195.0,34.0,0.0,0.0,0.557,14.0,13.0,28.0,0.597,270.0
1038.0,23.0,1721.0,414.0,10.0,21.0,0.583,249.0,115.0,166.0,0.626,245.0
1264.0,28.0,2730.0,517.0,70.0,265.0,0.44799999999999995,102.0,199.0,197.0,0.46299999999999997,225.0
1417.0,27.0,2862.0,457.0,190.0,500.0,0.511,88.0,194.0,267.0,0.5670000000000001,205.0
94.0,25.0,270.0,31.0,11.0,34.0,0.462,10.0,15.0,18.0,0.52,220.0
8.0,24.0,25.0,4.0,0.0,2.0,0.5710000000000001,3.0,2.0,6.0,0.5710000000000001,227.0
411.0,20.0,1377.0,124.0,49.0,156.0,0.42200000000000004,49.0,85.0,144.0,0.47,210.0
109.0,23.0,321.0,43.0,13.0,41.0,0.46299999999999997,6.0,17.0,29.0,0.48,225.0
1115.0,24.0,2153.0,411.0,34.0,108.0,0.507,139.0,147.0,232.0,0.564,245.0
2.0,22.0,7.0,1.0,0.0,1.0,0.5,0.0,2.0,1.0,0.5,203.0
34.0,23.0,96.0,15.0,0.0,0.0,0.625,8.0,3.0,10.0,0.628,228.0
670.0,23.0,1837.0,266.0,45.0,134.0,0.442,131.0,104.0,209.0,0.473,245.0
319.0,21.0,1127.0,108.0,48.0,149.0,0.446,11.0,40.0,92.0,0.49200000000000005,205.0
588.0,23.0,1682.0,237.0,67.0,197.0,0.452,48.0,105.0,122.0,0.47100000000000003,191.0
480.0,31.0,1758.0,188.0,42.0,124.0,0.562,52.0,68.0,109.0,0.578,220.0
171.0,23.0,847.0,66.0,4.0,15.0,0.48200000000000004,72.0,30.0,122.0,0.52,240.0
424.0,23.0,973.0,159.0,55.0,139.0,0.511,14.0,48.0,81.0,0.534,190.0
1920.0,31.0,2709.0,737.0,87.0,282.0,0.551,111.0,249.0,143.0,0.588,250.0
673.0,32.0,1655.0,270.0,8.0,28.0,0.473,111.0,104.0,93.0,0.512,250.0
861.0,31.0,1791.0,328.0,2.0,3.0,0.465,58.0,118.0,141.0,0.528,255.0
1328.0,28.0,2482.0,483.0,76.0,212.0,0.498,154.0,185.0,210.0,0.545,246.0
1656.0,21.0,2455.0,642.0,1.0,12.0,0.536,173.0,95.0,141.0,0.591,253.0
3.0,20.0,43.0,1.0,1.0,7.0,0.125,1.0,4.0,2.0,0.125,218.0
837.0,27.0,1799.0,320.0,104.0,251.0,0.5710000000000001,29.0,95.0,114.0,0.589,230.0
327.0,32.0,702.0,135.0,46.0,130.0,0.527,16.0,61.0,70.0,0.53,190.0
1047.0,24.0,2807.0,352.0,165.0,444.0,0.522,97.0,190.0,139.0,0.5660000000000001,200.0
588.0,30.0,2040.0,220.0,62.0,175.0,0.5479999999999999,53.0,100.0,103.0,0.57,215.0
760.0,30.0,2252.0,286.0,63.0,185.0,0.455,22.0,133.0,133.0,0.498,200.0
558.0,21.0,1667.0,184.0,61.0,241.0,0.405,76.0,80.0,183.0,0.46299999999999997,220.0
669.0,27.0,1319.0,263.0,74.0,190.0,0.539,80.0,45.0,149.0,0.5539999999999999,235.0
383.0,30.0,1341.0,128.0,98.0,272.0,0.5329999999999999,39.0,28.0,86.0,0.5429999999999999,240.0
463.0,28.0,1632.0,190.0,12.0,41.0,0.505,166.0,81.0,169.0,0.5329999999999999,228.0
2280.0,24.0,3119.0,731.0,139.0,334.0,0.5589999999999999,46.0,280.0,143.0,0.647,240.0
1134.0,31.0,1997.0,456.0,25.0,67.0,0.513,17.0,151.0,86.0,0.555,185.0
753.0,27.0,2245.0,286.0,91.0,259.0,0.48,67.0,87.0,162.0,0.509,215.0
326.0,31.0,887.0,125.0,51.0,98.0,0.635,6.0,51.0,41.0,0.654,200.0
27.0,23.0,87.0,9.0,0.0,0.0,0.409,10.0,3.0,23.0,0.43200000000000005,260.0
704.0,19.0,2025.0,281.0,2.0,9.0,0.46,131.0,101.0,164.0,0.506,232.0
204.0,28.0,735.0,68.0,33.0,88.0,0.49700000000000005,24.0,34.0,76.0,0.534,195.0
939.0,29.0,2253.0,354.0,67.0,213.0,0.47,74.0,93.0,164.0,0.51,235.0
396.0,25.0,985.0,145.0,53.0,143.0,0.52,20.0,33.0,43.0,0.556,200.0
629.0,28.0,1974.0,235.0,1.0,6.0,0.484,67.0,105.0,172.0,0.551,192.0
2.0,23.0,3.0,1.0,0.0,0.0,1.0,0.0,0.0,1.0,1.0,165.0
1105.0,22.0,2789.0,403.0,114.0,369.0,0.479,70.0,105.0,167.0,0.521,205.0
669.0,23.0,1610.0,251.0,47.0,151.0,0.507,71.0,78.0,91.0,0.55,235.0
720.0,24.0,2293.0,275.0,70.0,200.0,0.483,109.0,98.0,217.0,0.517,228.0
97.0,24.0,390.0,38.0,0.0,0.0,0.45799999999999996,38.0,18.0,66.0,0.5,245.0
1041.0,33.0,1884.0,425.0,4.0,14.0,0.48200000000000004,124.0,141.0,124.0,0.522,250.0
375.0,31.0,1451.0,175.0,1.0,1.0,0.629,121.0,83.0,221.0,0.623,260.0
122.0,24.0,429.0,43.0,22.0,53.0,0.551,14.0,8.0,29.0,0.583,205.0
844.0,22.0,1923.0,337.0,69.0,182.0,0.5760000000000001,76.0,80.0,127.0,0.602,230.0
71.0,20.0,147.0,24.0,9.0,30.0,0.419,5.0,6.0,13.0,0.479,185.0
385.0,26.0,1287.0,140.0,76.0,187.0,0.509,23.0,42.0,98.0,0.526,228.0
1249.0,23.0,2690.0,504.0,0.0,1.0,0.49700000000000005,256.0,166.0,205.0,0.531,265.0
74.0,21.0,358.0,31.0,3.0,11.0,0.365,5.0,10.0,28.0,0.389,230.0
1027.0,29.0,2300.0,414.0,72.0,228.0,0.456,152.0,206.0,228.0,0.467,225.0
6.0,25.0,42.0,2.0,0.0,0.0,0.222,2.0,2.0,4.0,0.27899999999999997,235.0
183.0,20.0,641.0,72.0,10.0,42.0,0.41,5.0,61.0,54.0,0.442,172.0
563.0,29.0,1000.0,174.0,83.0,225.0,0.45299999999999996,17.0,44.0,83.0,0.52,210.0
1446.0,30.0,2420.0,515.0,122.0,329.0,0.517,39.0,194.0,185.0,0.575,175.0
813.0,27.0,1880.0,299.0,112.0,274.0,0.5710000000000001,58.0,94.0,154.0,0.5870000000000001,225.0
737.0,23.0,1775.0,319.0,51.0,132.0,0.5529999999999999,113.0,61.0,138.0,0.5660000000000001,230.0
22.0,20.0,58.0,9.0,2.0,6.0,0.47600000000000003,1.0,8.0,3.0,0.503,194.0
265.0,28.0,1146.0,117.0,0.0,0.0,0.552,105.0,59.0,172.0,0.516,250.0
273.0,34.0,1101.0,106.0,16.0,60.0,0.451,90.0,45.0,156.0,0.485,255.0
62.0,24.0,164.0,27.0,0.0,6.0,0.574,19.0,14.0,25.0,0.603,227.0
1131.0,25.0,2457.0,434.0,50.0,156.0,0.45,62.0,189.0,195.0,0.498,220.0
588.0,28.0,1361.0,210.0,50.0,138.0,0.478,43.0,52.0,81.0,0.53,235.0
2376.0,26.0,3125.0,710.0,236.0,657.0,0.512,63.0,374.0,229.0,0.598,220.0
810.0,27.0,2341.0,302.0,97.0,268.0,0.546,107.0,79.0,188.0,0.575,215.0
2593.0,25.0,3122.0,849.0,192.0,491.0,0.56,58.0,285.0,174.0,0.635,240.0
628.0,24.0,1647.0,229.0,61.0,208.0,0.47600000000000003,72.0,49.0,137.0,0.517,235.0
432.0,34.0,1244.0,144.0,66.0,155.0,0.546,25.0,52.0,115.0,0.5770000000000001,233.0
196.0,28.0,642.0,63.0,6.0,28.0,0.361,13.0,51.0,45.0,0.442,190.0
116.0,22.0,342.0,42.0,1.0,2.0,0.5670000000000001,30.0,17.0,53.0,0.632,240.0
1372.0,37.0,2364.0,498.0,126.0,342.0,0.504,52.0,84.0,161.0,0.555,245.0
377.0,20.0,1418.0,145.0,28.0,86.0,0.408,16.0,74.0,122.0,0.431,200.0
539.0,33.0,1648.0,225.0,10.0,29.0,0.505,103.0,86.0,166.0,0.528,213.0
827.0,22.0,2318.0,316.0,87.0,215.0,0.5479999999999999,117.0,71.0,146.0,0.573,210.0
54.0,24.0,139.0,23.0,0.0,4.0,0.575,16.0,12.0,19.0,0.608,227.0
1054.0,19.0,2259.0,392.0,130.0,370.0,0.478,47.0,196.0,142.0,0.507,195.0
397.0,24.0,983.0,150.0,23.0,85.0,0.45799999999999996,26.0,61.0,70.0,0.503,175.0
568.0,24.0,1127.0,211.0,59.0,171.0,0.473,31.0,97.0,61.0,0.512,195.0
589.0,28.0,1434.0,216.0,78.0,215.0,0.502,99.0,59.0,120.0,0.53,235.0
766.0,25.0,2323.0,219.0,62.0,190.0,0.42700000000000005,40.0,193.0,201.0,0.529,194.0
890.0,25.0,2054.0,295.0,82.0,229.0,0.508,34.0,176.0,166.0,0.5720000000000001,200.0
488.0,30.0,1520.0,203.0,2.0,12.0,0.5379999999999999,42.0,78.0,140.0,0.581,192.0
1037.0,26.0,2186.0,383.0,132.0,347.0,0.542,64.0,96.0,140.0,0.5670000000000001,230.0
154.0,23.0,369.0,53.0,32.0,84.0,0.527,11.0,23.0,28.0,0.5489999999999999,201.0
438.0,28.0,860.0,160.0,17.0,62.0,0.47600000000000003,40.0,59.0,53.0,0.536,220.0
1036.0,27.0,1839.0,287.0,87.0,239.0,0.47200000000000003,52.0,77.0,87.0,0.5820000000000001,225.0
299.0,33.0,1036.0,113.0,43.0,144.0,0.43799999999999994,19.0,66.0,100.0,0.46399999999999997,190.0
472.0,33.0,1618.0,183.0,0.0,1.0,0.583,175.0,93.0,145.0,0.606,240.0
619.0,19.0,1367.0,264.0,3.0,14.0,0.501,68.0,67.0,158.0,0.531,243.0
1071.0,24.0,2428.0,434.0,124.0,352.0,0.49,46.0,109.0,177.0,0.507,180.0
1542.0,27.0,2668.0,552.0,122.0,299.0,0.561,69.0,213.0,206.0,0.604,190.0
988.0,25.0,2057.0,356.0,101.0,258.0,0.498,30.0,134.0,114.0,0.54,215.0
350.0,27.0,639.0,130.0,22.0,59.0,0.42100000000000004,29.0,59.0,47.0,0.46799999999999997,230.0
22.0,22.0,74.0,9.0,2.0,10.0,0.33299999999999996,2.0,6.0,4.0,0.342,200.0
595.0,29.0,1253.0,172.0,45.0,138.0,0.47200000000000003,23.0,101.0,165.0,0.57,190.0
566.0,23.0,1751.0,222.0,39.0,108.0,0.48100000000000004,28.0,146.0,121.0,0.515,175.0
781.0,27.0,2434.0,272.0,95.0,260.0,0.519,53.0,92.0,158.0,0.563,188.0
1130.0,21.0,2502.0,494.0,0.0,2.0,0.514,437.0,120.0,285.0,0.504,279.0
366.0,28.0,959.0,139.0,48.0,127.0,0.5379999999999999,12.0,63.0,89.0,0.562,161.0
813.0,25.0,2325.0,336.0,5.0,13.0,0.5589999999999999,227.0,117.0,301.0,0.591,240.0
1748.0,25.0,2246.0,601.0,70.0,210.0,0.47700000000000004,158.0,249.0,236.0,0.5379999999999999,270.0
432.0,28.0,905.0,162.0,24.0,73.0,0.539,30.0,59.0,75.0,0.586,190.0
364.0,26.0,710.0,138.0,0.0,0.0,0.47600000000000003,62.0,46.0,97.0,0.539,253.0
443.0,26.0,1263.0,187.0,47.0,104.0,0.541,19.0,53.0,103.0,0.5479999999999999,191.0
403.0,24.0,911.0,147.0,43.0,128.0,0.491,10.0,79.0,102.0,0.515,201.0
77.0,23.0,135.0,27.0,17.0,36.0,0.602,2.0,7.0,12.0,0.62,205.0
294.0,26.0,1194.0,136.0,0.0,0.0,0.535,112.0,51.0,111.0,0.536,249.0
470.0,22.0,1865.0,187.0,35.0,116.0,0.473,29.0,83.0,150.0,0.504,175.0
796.0,20.0,1733.0,307.0,28.0,84.0,0.535,181.0,104.0,208.0,0.5820000000000001,250.0
314.0,23.0,863.0,118.0,27.0,71.0,0.541,28.0,47.0,66.0,0.579,186.0
569.0,25.0,1867.0,207.0,98.0,239.0,0.501,33.0,116.0,178.0,0.527,198.0
398.0,24.0,1287.0,152.0,18.0,60.0,0.486,79.0,60.0,147.0,0.5329999999999999,240.0
392.0,30.0,1033.0,126.0,77.0,237.0,0.442,14.0,30.0,50.0,0.483,210.0
1432.0,28.0,2408.0,508.0,79.0,220.0,0.491,98.0,183.0,157.0,0.556,230.0
705.0,31.0,2109.0,284.0,3.0,24.0,0.447,121.0,94.0,211.0,0.489,213.0
573.0,25.0,1372.0,228.0,30.0,78.0,0.513,40.0,94.0,135.0,0.5479999999999999,230.0
833.0,25.0,1731.0,340.0,0.0,0.0,0.5489999999999999,146.0,76.0,205.0,0.594,253.0
118.0,24.0,415.0,50.0,9.0,39.0,0.447,34.0,16.0,39.0,0.457,230.0
612.0,27.0,1941.0,246.0,58.0,156.0,0.519,31.0,84.0,139.0,0.545,200.0
1025.0,30.0,2859.0,357.0,185.0,499.0,0.523,67.0,113.0,177.0,0.551,215.0
386.0,21.0,1131.0,146.0,31.0,127.0,0.467,35.0,76.0,135.0,0.498,214.0
508.0,26.0,982.0,195.0,8.0,31.0,0.45,101.0,66.0,148.0,0.507,255.0
774.0,23.0,2042.0,295.0,82.0,214.0,0.531,77.0,57.0,136.0,0.5589999999999999,210.0
538.0,27.0,958.0,238.0,4.0,11.0,0.5710000000000001,66.0,64.0,56.0,0.588,245.0
2112.0,29.0,2982.0,743.0,167.0,415.0,0.503,145.0,198.0,224.0,0.561,240.0
10.0,28.0,38.0,4.0,2.0,7.0,0.385,1.0,4.0,5.0,0.385,161.0
480.0,26.0,1743.0,172.0,96.0,241.0,0.493,33.0,55.0,153.0,0.512,228.0
14.0,24.0,55.0,5.0,4.0,6.0,0.583,2.0,3.0,3.0,0.509,230.0
433.0,22.0,1064.0,155.0,62.0,170.0,0.49700000000000005,9.0,45.0,119.0,0.529,206.0
692.0,28.0,1267.0,255.0,69.0,193.0,0.541,25.0,69.0,111.0,0.579,188.0
362.0,24.0,970.0,162.0,5.0,18.0,0.45799999999999996,68.0,43.0,126.0,0.47700000000000004,235.0
638.0,30.0,2098.0,233.0,100.0,238.0,0.581,54.0,80.0,190.0,0.602,225.0
1668.0,24.0,2455.0,602.0,239.0,545.0,0.555,27.0,149.0,122.0,0.591,215.0
465.0,24.0,1041.0,195.0,13.0,53.0,0.53,77.0,54.0,115.0,0.5670000000000001,220.0
36.0,23.0,143.0,13.0,5.0,21.0,0.316,11.0,10.0,6.0,0.35200000000000004,206.0
29.0,32.0,121.0,9.0,5.0,25.0,0.28,3.0,9.0,13.0,0.32299999999999995,190.0
568.0,26.0,1727.0,204.0,115.0,323.0,0.49200000000000005,67.0,83.0,182.0,0.509,185.0
273.0,37.0,862.0,101.0,48.0,125.0,0.461,9.0,55.0,95.0,0.48100000000000004,189.0
183.0,24.0,376.0,70.0,0.0,1.0,0.47600000000000003,39.0,21.0,32.0,0.5329999999999999,237.0
977.0,29.0,2644.0,331.0,189.0,525.0,0.498,27.0,78.0,179.0,0.532,220.0
1325.0,20.0,2048.0,484.0,109.0,279.0,0.503,34.0,191.0,146.0,0.5529999999999999,193.0
500.0,31.0,1273.0,187.0,79.0,184.0,0.569,14.0,75.0,58.0,0.594,200.0
909.0,30.0,2371.0,354.0,91.0,238.0,0.5,23.0,82.0,142.0,0.531,210.0
93.0,25.0,179.0,40.0,4.0,27.0,0.442,2.0,14.0,7.0,0.46399999999999997,203.0
256.0,25.0,830.0,92.0,59.0,115.0,0.633,12.0,26.0,63.0,0.639,225.0
327.0,26.0,845.0,122.0,44.0,109.0,0.498,25.0,23.0,90.0,0.526,225.0
192.0,25.0,571.0,78.0,12.0,24.0,0.442,12.0,34.0,48.0,0.46799999999999997,220.0
1057.0,23.0,2033.0,394.0,67.0,192.0,0.52,85.0,97.0,128.0,0.5670000000000001,230.0
172.0,28.0,370.0,77.0,0.0,1.0,0.575,53.0,21.0,49.0,0.574,270.0
265.0,20.0,1197.0,93.0,0.0,0.0,0.503,142.0,71.0,203.0,0.541,255.0
705.0,23.0,2134.0,239.0,40.0,105.0,0.506,136.0,62.0,97.0,0.574,236.0
1249.0,20.0,2530.0,481.0,138.0,343.0,0.479,54.0,128.0,153.0,0.507,207.0
21.0,21.0,57.0,8.0,0.0,0.0,0.364,6.0,1.0,5.0,0.39799999999999996,235.0
573.0,28.0,1353.0,211.0,40.0,127.0,0.457,59.0,55.0,58.0,0.503,220.0
511.0,23.0,1333.0,195.0,86.0,228.0,0.547,51.0,77.0,183.0,0.561,245.0
490.0,25.0,1283.0,173.0,61.0,176.0,0.496,55.0,72.0,100.0,0.528,225.0
1488.0,23.0,2868.0,559.0,223.0,535.0,0.5329999999999999,38.0,135.0,234.0,0.555,215.0
703.0,22.0,1821.0,264.0,1.0,7.0,0.424,178.0,145.0,230.0,0.48200000000000004,260.0
1594.0,29.0,2553.0,700.0,3.0,15.0,0.51,156.0,124.0,176.0,0.532,289.0
738.0,21.0,2204.0,271.0,66.0,190.0,0.44799999999999995,66.0,84.0,158.0,0.486,210.0
306.0,28.0,1134.0,114.0,0.0,3.0,0.473,132.0,70.0,128.0,0.534,270.0
295.0,22.0,633.0,104.0,38.0,111.0,0.49200000000000005,8.0,27.0,52.0,0.5379999999999999,185.0
832.0,26.0,2464.0,332.0,0.0,1.0,0.541,275.0,173.0,223.0,0.5579999999999999,255.0
327.0,22.0,847.0,125.0,47.0,112.0,0.606,46.0,39.0,113.0,0.631,245.0
503.0,26.0,984.0,178.0,83.0,211.0,0.537,18.0,44.0,103.0,0.569,225.0
535.0,34.0,1620.0,215.0,15.0,42.0,0.474,104.0,78.0,175.0,0.505,213.0
567.0,27.0,1564.0,226.0,29.0,84.0,0.518,139.0,88.0,144.0,0.536,228.0
58.0,24.0,290.0,21.0,7.0,19.0,0.521,13.0,14.0,33.0,0.528,209.0
541.0,25.0,1149.0,241.0,0.0,3.0,0.597,85.0,34.0,78.0,0.606,210.0
1210.0,25.0,2314.0,491.0,0.0,1.0,0.522,218.0,129.0,163.0,0.562,265.0
213.0,23.0,739.0,91.0,1.0,9.0,0.41600000000000004,48.0,44.0,88.0,0.44299999999999995,237.0
1098.0,24.0,2137.0,423.0,0.0,0.0,0.496,229.0,149.0,148.0,0.5489999999999999,265.0
2029.0,27.0,2578.0,698.0,186.0,481.0,0.573,45.0,250.0,137.0,0.634,240.0
1225.0,23.0,2552.0,475.0,111.0,320.0,0.483,93.0,135.0,168.0,0.516,194.0
811.0,23.0,1812.0,353.0,0.0,0.0,0.507,185.0,112.0,169.0,0.536,260.0
254.0,25.0,657.0,91.0,35.0,109.0,0.462,12.0,29.0,54.0,0.498,185.0
1421.0,24.0,2013.0,498.0,2.0,8.0,0.46799999999999997,185.0,254.0,241.0,0.545,270.0
1489.0,25.0,2424.0,540.0,118.0,334.0,0.48200000000000004,58.0,223.0,187.0,0.535,208.0
